id,domain,status,purchase_price,renewal_price,attractiveness,demand,length,registrar,created_at,expires_at,status_verified_at
dbc4847e-25e9-49a6-8305-510307dc6516,marr.software,available,10.55,33.32,high,low,4,spaceship,,,29/09/2026 10:01
e27e5680-979a-4e72-b6f0-9194722f2776,jailed.software,available,20.99,41.99,medium,low,6,namesilo,,,19/09/2026 04:16
1a6f4a8d-2d06-4fc2-b0e1-4995c1da85ec,delirious.software,available,11.98,56.98,medium,low,9,namecheap,,,14/08/2026 00:44
42c687f4-7f6f-480f-8a74-ca75cdaf12a5,doggedly.software,available,11.98,56.98,medium,low,8,namecheap,,,14/09/2026 13:33
3544dc49-7293-47d8-b3a4-56a2aaf93d9a,achondrite.software,available,20.99,41.99,medium,low,10,namesilo,,,17/09/2026 00:54
e81aee3f-d04f-4bd3-959d-3b33d7a8468d,sunroof.software,available,19.99,,high,low,7,name.com,,,
ec91da83-1a97-4608-b691-3ab3983279b2,ampicillin.software,available,11.98,56.98,medium,low,10,namecheap,,,18/09/2026 23:35
695ba022-bfa4-44f0-b260-a5f65c4469f6,departure.software,available,11.98,56.98,high,low,9,namecheap,,,08/09/2026 12:08
b9dd3f03-a25d-44c0-b9f0-91618b87e386,recaptured.software,available,11.98,56.98,medium,low,10,namecheap,,,18/09/2026 19:20
fd4931c2-bf07-45b3-ac52-c0ec138333e5,browbeat.software,available,11.98,56.98,medium,low,8,namecheap,,,11/08/2026 08:53
bbe56471-58f8-4e6b-8bea-68f922f01b18,alluring.software,available,20.99,41.99,high,low,8,namesilo,,,22/09/2026 01:34
434e3739-e1bf-49a6-bc37-d8632a13b913,wizardly.software,available,11.98,56.98,medium,low,8,namecheap,,,24/08/2026 13:02
573584b5-808e-4f43-920a-e418f278e193,varied.software,available,10.55,33.32,medium,low,6,spaceship,,,28/09/2026 10:09
bc704a6f-c8c9-434c-8a63-b1ab3e1ff449,winn.software,available,10.55,33.32,high,low,4,spaceship,,,29/09/2026 15:04
44a11e16-f6c4-4949-a613-ac4512c7fa07,hypocrite.software,available,11.98,56.98,high,low,9,namecheap,,,08/09/2026 19:08
84f4d7f8-b119-486e-8b3f-5c4706ac238b,depress.software,available,10.55,33.32,high,low,7,spaceship,,,29/09/2026 15:56
6a50fa86-4e77-4c01-b4c3-68c18e5f1db2,doubts.software,available,32.2,32.2,low,low,6,cloudflare,,,28/09/2026 04:45
94c105fb-e74f-4e25-8aa5-4b30d22f35e0,compliment.software,available,20.99,41.99,high,low,10,namesilo,,,24/09/2026 16:50
336cb073-ef98-4360-adad-f1218f595a71,researchers.software,available,20.99,41.99,medium,low,11,namesilo,,,18/09/2026 17:37
7cdebf7a-ac7b-42c2-91c1-f18465693ce1,frail.software,available,11.98,56.98,high,low,5,namecheap,,,18/08/2026 13:59
922e18f7-5d3b-44ff-ad9d-bf08370026df,drunk.software,available,11.98,56.98,high,low,5,namecheap,,,14/08/2026 20:17
39e94b79-21de-4435-a058-3edb3870a593,pounds.software,available,11.98,56.98,medium,low,6,namecheap,,,18/09/2026 01:51
805edf51-3d91-4374-9b32-d1d2bf2f509f,riddled.software,available,11.98,56.98,medium,low,7,namecheap,,,09/09/2026 17:19
31cd5fb6-3007-4255-8e5b-8c9db4c14fe0,undetected.software,available,11.98,56.98,medium,low,10,namecheap,,,12/09/2026 07:57
46cd51ce-79b5-4ec9-8729-dcb7ee513bab,bialy.software,available,20.99,41.99,medium,low,5,namesilo,,,23/09/2026 12:41
560bd0ed-6280-4930-9b39-601a61c628cf,cxxx.software,available,11.98,56.98,high,low,4,namecheap,,,
02f23306-f1dd-4102-91ff-69d22bff6967,volary.software,available,20.99,41.99,medium,low,6,namesilo,,,21/09/2026 09:24
b7706409-af0b-4631-8266-3d6e71448af0,evitable.software,available,11.98,56.98,medium,low,8,namecheap,,,07/08/2026 22:45
e8e790b8-b16c-4b02-8a0c-c53c5b34629e,apologist.software,available,11.98,56.98,medium,low,9,namecheap,,,19/09/2026 18:45
dc9be3ec-6479-4663-86a8-c7afa0c577b7,depressant.software,available,11.98,56.98,medium,low,10,namecheap,,,14/08/2026 02:39
2c7715a1-fdf6-4d33-87f1-fcf281f0f2e0,aplysia.software,available,11.98,56.98,medium,low,7,namecheap,,,19/09/2026 17:53
5ecb0932-0028-46e1-a44b-99cfdb3e0691,reasonably.software,available,11.98,56.98,medium,low,10,namecheap,,,25/09/2026 11:58
345c1e70-fdab-4663-b95a-1a1509f037ba,bionics.software,available,20.99,41.99,high,low,7,namesilo,,,23/09/2026 18:40
ec683b7c-e80b-40de-98c9-478fb1ab89d3,unfettered.software,available,11.98,56.98,high,low,10,namecheap,,,12/09/2026 04:56
bf3a2a93-db95-4f3d-8730-12629d0c31c9,bother.software,available,11.98,56.98,medium,low,6,namecheap,,,24/09/2026 07:29
99e39a3a-b57a-4402-8b8b-76f170fbd065,violate.software,available,10.55,33.32,medium,low,7,spaceship,,,28/09/2026 13:36
67199c96-0123-4bd4-9a1d-accb3cc07504,harijan.software,available,11.98,56.98,medium,low,7,namecheap,,,12/09/2026 21:38
f4379127-648e-43e8-b3a3-df199dc7cab0,repaired.software,available,20.99,41.99,medium,low,8,namesilo,,,28/09/2026 23:01
62e8bf67-3c88-4a04-8e5d-e89fcb87ad73,blond.software,available,20.99,41.99,high,low,5,namesilo,,,22/09/2026 22:15
5a64cc46-4b5c-4965-ab26-0941e6a7773f,afp.software,available,20.99,41.99,high,low,3,namesilo,,,17/09/2026 15:12
aeb032dc-41ca-4183-8de5-dd90e432dba3,riming.software,available,11.98,56.98,medium,low,6,namecheap,,,09/09/2026 16:55
4f6d3057-9abd-439f-bba2-88361a37fa11,trillionaire.software,available,19.99,,high,low,12,name.com,,,
a688575a-a58f-45b6-a7ed-9e9f679b32e8,coherent.software,available,11.98,56.98,high,low,8,namecheap,,,12/08/2026 16:00
5d235438-fec3-4b09-9e29-16224858b465,wigeon.software,available,20.99,41.99,medium,low,6,namesilo,,,19/09/2026 03:00
6f6e87a5-548f-4381-adc8-c4197ce1782f,died.software,available,19.99,,low,low,4,name.com,,,
c6481583-35bc-4705-a310-d00853af1527,ratty.software,available,11.98,56.98,medium,low,5,namecheap,,,25/08/2026 06:53
b01f4707-0cfd-42a4-b20c-3eb3cf4819fc,hangdog.software,available,11.98,56.98,medium,low,7,namecheap,,,20/08/2026 23:41
9bf01060-0423-4b8e-bda7-40fc079ee98e,worded.software,available,20.99,41.99,medium,low,6,namesilo,,,20/09/2026 15:04
dbff6328-6c72-4fcd-80b6-94c444f62ea7,akkadian.software,available,20.99,41.99,high,low,8,namesilo,,,18/09/2026 00:10
4add88f4-56fb-4671-baaa-040d8776afa5,glabrous.software,available,11.98,56.98,medium,low,8,namecheap,,,19/08/2026 00:03
0d961892-9587-47ee-96ea-9d816824ae62,riskless.software,available,11.98,56.98,high,low,8,namecheap,,,09/09/2026 17:59
adcd0307-abed-4896-b687-24dbf79bfa89,mcdonald.software,available,19.99,,high,low,8,name.com,,,
bd1d8f1a-3e0d-41d0-8500-ef02a6278899,eastern.software,available,20.99,41.99,high,low,7,namesilo,,,24/09/2026 13:10
aed453bb-a3eb-484c-a47e-d0a018a49488,shoplift.software,available,19.99,,medium,low,8,name.com,,,
a8e0ddff-8cfd-4a3f-9b16-cd1016f1ff05,generally.software,available,20,,medium,low,9,unstoppable,,,28/09/2026 13:35
dc944ed8-ac7d-4928-88db-164b14583a91,richer.software,available,10.55,33.32,medium,low,6,spaceship,,,29/09/2026 05:28
b18e0e01-15f9-4596-a743-81767c8a383a,biochip.software,available,11.98,56.98,high,low,7,namecheap,,,23/09/2026 17:46
e3862af4-e2ca-4b63-9bc4-8e38cbd8393e,nautical.software,available,11.98,56.98,high,low,8,namecheap,,,24/08/2026 15:58
e546ad30-98da-4d1d-8fc5-fb40f2b6071b,unshaped.software,available,11.98,56.98,medium,low,8,namecheap,,,12/09/2026 19:31
5b8864cb-dbf6-46f9-a554-cbfbb64137ea,whenever.software,available,19.99,,medium,low,8,name.com,,,
2b354f28-b77b-4f6b-aa6d-298d82965e41,abstractor.software,available,11.98,56.98,medium,low,10,namecheap,,,16/09/2026 18:29
716427a4-084c-4e1d-b369-99b06ffec283,dissertation.software,available,16.22,34.35,high,low,12,dynadot,,,30/09/2026 03:22
6cbd6c14-3795-4d42-b9e8-27eb15defc12,armored.software,available,20.99,41.99,high,low,7,namesilo,,,22/09/2026 08:00
07f98674-8e83-401b-a3a2-3e5377a79846,marvelous.software,available,20.99,41.99,high,low,9,namesilo,,,25/09/2026 00:13
1b1bec2e-a553-461c-98d2-d3cfba9ad802,husky.software,available,,,high,medium,5,,,,
99b5cf93-08e4-4f31-b28f-427914ced00c,punishing.software,available,11.98,56.98,high,low,9,namecheap,,,06/08/2026 17:10
03c6d9a3-7c2b-4628-b6cc-4e4bcb69591a,zoic.software,available,11.98,56.98,medium,low,4,namecheap,,,13/09/2026 15:25
c3935232-7e8a-441f-b64b-1771711746fc,thyroid.software,available,11.98,56.98,high,low,7,namecheap,,,11/09/2026 15:18
0d479b9f-13e5-486a-a70d-d10a1a0b180d,grass.software,available,20.99,41.99,high,low,5,namesilo,,,29/09/2026 16:34
3042065f-5654-4c02-8d12-d6af97467783,swell.software,available,11.98,56.98,high,low,5,namecheap,,,08/08/2026 12:50
0b045db0-97ae-4afd-ba2b-0358d74332c5,fumed.software,available,11.98,56.98,medium,low,5,namecheap,,,18/08/2026 18:20
d446f002-effd-4baf-9aa4-d3010df46ab2,northampton.software,available,20.99,41.99,medium,low,11,namesilo,,,25/09/2026 14:57
da950667-eff9-4e90-abb1-6e29f5c18212,photography.software,premium,2587.7,2587.7,high,low,11,spaceship,,,28/09/2026 07:43
6ca9c5ee-6519-4b58-b3cf-a806b0ed83e9,biotech.software,premium,500,500,high,low,7,name.com,,,23/09/2026 19:06
5535a55d-61b7-400d-8bbf-3b96b78ec8e0,somaliland.software,available,20.99,41.99,medium,low,10,namesilo,,,29/09/2026 09:30
aac580c4-20b0-426d-905e-67104a709269,acarpelous.software,available,11.98,56.98,medium,low,10,namecheap,,,
e28b2faf-2045-4249-9192-e8175f24c7c6,drafted.software,available,32.2,32.2,medium,low,7,cloudflare,,,29/09/2026 04:48
c538795f-81d4-41d1-8362-95946b22d710,weekly.software,available,11.98,56.98,high,low,6,namecheap,,,21/08/2026 05:36
91865b8d-460f-4c32-a4ac-1ca72318fa4b,notifies.software,available,11.98,56.98,medium,low,8,namecheap,,,18/09/2026 08:35
f33b80f8-95c6-452e-8a4b-c57a0de76f6d,christine.software,available,32.2,32.2,high,low,9,cloudflare,,,27/09/2026 19:02
c0b57366-1fa3-46a0-9f88-b5b278ef9f99,achieve.software,available,10.55,33.32,high,low,7,spaceship,,,28/09/2026 03:16
d819f4ed-50f6-4723-9273-3a7373f53de2,devotedly.software,available,11.98,56.98,medium,low,9,namecheap,,,14/09/2026 12:28
4b825801-89ac-423b-91ff-5794abccf8ef,swinging.software,available,11.98,56.98,high,low,8,namecheap,,,23/08/2026 08:43
420cba6e-8dcc-4424-8bff-e0bd377b5e49,applet.software,available,11.98,56.98,high,low,6,namecheap,,,19/09/2026 21:38
cac86a2d-9646-4273-9119-eba1758e258f,tradition.software,available,19.99,,high,low,9,name.com,,,
9c031934-88ef-4b27-80ea-f3238a065faf,aga.software,available,20.99,41.99,high,low,3,namesilo,,,17/09/2026 15:58
a7e89ce6-0a5f-44db-bd81-395f9340dc5a,assagai.software,available,20.99,41.99,medium,low,7,namesilo,,,20/09/2026 15:41
aecd3659-ac8f-4186-b585-9f96e0be4757,cautionary.software,available,11.98,56.98,high,low,10,namecheap,,,
ada3cbcf-61f8-403f-b347-33e6a4c79a65,pertly.software,available,11.98,56.98,medium,low,6,namecheap,,,15/09/2026 02:17
416718d7-b0d2-48f8-88b1-f1cf01ac4074,paused.software,available,20.99,41.99,medium,low,6,namesilo,,,18/09/2026 02:16
d8ec7c5e-5ae3-4fa8-992c-09c60b9e0f14,graceless.software,available,11.98,56.98,medium,low,9,namecheap,,,18/08/2026 20:43
d14b1887-e1d8-4c30-b644-ade05b2dc6b5,heavily.software,available,11.98,56.98,medium,low,7,namecheap,,,21/08/2026 05:28
04dfe65d-7037-458d-8747-011e817ebaf1,needed.software,available,11.98,56.98,high,low,6,namecheap,,,03/09/2026 14:49
2f0ef309-22e7-4c47-8df2-4e493cdce629,loosely.software,available,20,,medium,low,7,unstoppable,,,28/09/2026 13:33
9c6be90a-0b32-43a7-beba-1984b65183e6,orad.software,available,11.98,56.98,medium,low,4,namecheap,,,15/09/2026 18:09
4ed29309-4a0c-44d3-82a7-ca771b768708,adducent.software,available,11.98,56.98,medium,low,8,namecheap,,,
aaef01ca-fc27-4288-a99a-d44ae5369b51,punter.software,available,20,,medium,low,6,unstoppable,,,29/09/2026 02:17
e6f1d8f0-ee11-41a7-8b0a-fd4a031fc3f7,hangover.software,available,11.99,69.99,high,low,9,godaddy,,,30/09/2026 01:50
8bcfacbc-7f02-4a20-a8d7-724ebdd2a667,tirana.software,available,20.99,41.99,high,low,6,namesilo,,,18/09/2026 02:27
f9879ebb-aab9-410f-83f9-e98ee65f3d90,paget.software,available,32.2,32.2,medium,low,5,cloudflare,,,29/09/2026 01:47
9619c082-7e4d-4cba-8f8e-c89c6dd48b5f,trenton.software,available,20.99,41.99,high,low,7,namesilo,,,24/09/2026 12:19
8eecb610-05e0-42f2-916f-09ac56990e54,polymeric.software,available,11.98,56.98,medium,low,9,namecheap,,,08/09/2026 23:25
e1996451-bb16-447a-8b64-05daf6087445,flashes.software,available,10.55,33.32,medium,low,7,spaceship,,,29/09/2026 10:47
a1b2226b-7f44-430b-a6bf-e09b773cf255,flustered.software,available,11.98,56.98,medium,low,9,namecheap,,,18/08/2026 09:29
6ff60242-a323-417c-a4a4-b11e3f16a970,inscribed.software,available,11.98,56.98,medium,low,9,namecheap,,,17/08/2026 08:24
3b6d368f-25bd-4875-b4d1-73c6ae5c6732,messed.software,available,20.99,41.99,medium,low,6,namesilo,,,17/09/2026 16:53
d96f7e9e-48ff-4db3-9aa8-1d4e637093db,aseptic.software,available,20.99,41.99,high,low,7,namesilo,,,22/09/2026 09:33
3cc31591-64cd-49e0-a889-84524d1dd3b2,lately.software,available,10.55,33.32,medium,low,6,spaceship,,,28/09/2026 16:06
fa2a14cf-e51b-4710-9989-51511d287d27,anaglyph.software,available,11.98,56.98,medium,low,8,namecheap,,,19/09/2026 01:21
4cf73e22-7103-4233-8f11-67d4da237f6b,militant.software,available,11.98,56.98,high,low,8,namecheap,,,
638614d7-8636-47b6-b25d-59b16f25fe28,bida.software,available,20.99,41.99,medium,low,4,namesilo,,,23/09/2026 13:39
b3870d98-addf-4f08-abba-6ef4f541def0,aspirant.software,available,11.98,56.98,medium,low,8,namecheap,,,07/08/2026 05:02
99a03ff0-b50c-467e-a448-d6679bf24cfe,dearly.software,available,29.99,50.99,high,low,6,name.com,,,13/08/2026 20:00
959c14bb-36c0-46cc-adca-fd509a6e4d90,joshua.software,available,11.98,56.98,high,low,6,namecheap,,,24/09/2026 06:58
d82c57da-6aeb-4864-bfb2-4bfc72e20ef5,nineteenth.software,available,11.98,56.98,high,low,10,namecheap,,,
1f2a7d67-a1d6-4cee-804a-0405527268c0,cognisant.software,available,11.98,56.98,medium,low,9,namecheap,,,08/08/2026 00:18
4a985133-de7d-43ec-aa4d-f61107412ee4,yearningly.software,available,11.98,56.98,medium,low,10,namecheap,,,15/09/2026 12:56
3fe0f48b-fb41-40ee-bd2b-95e1a0ec5646,theirs.software,available,19.99,,medium,low,6,name.com,,,
26cad88a-c4f7-4b71-a9fa-f0dbc45ff045,being.software,available,20.99,41.99,high,low,5,namesilo,,,23/09/2026 04:18
ee40ba2c-4c58-4b88-8c47-9fa419149612,caught.software,available,19.99,,high,low,6,name.com,,,
3fd6e24e-3bef-4880-93b2-a8cf0dcd2d43,airing.software,available,20.99,41.99,high,low,6,namesilo,,,17/09/2026 23:12
4e342843-930c-402e-abaf-44228a16dbbd,dubnium.software,available,20.99,41.99,medium,low,7,namesilo,,,20/09/2026 22:04
f04e3fd6-73d1-432c-bc78-8b4c2f6d6e07,intuitions.software,available,11.98,56.98,medium,low,10,namecheap,,,20/09/2026 19:28
31b6b76e-b21f-4a7f-bf33-458f5bf7e4a2,council.software,available,29.99,50.99,high,low,7,name.com,,,24/09/2026 18:38
091d1701-9266-4bac-accf-e6f4aec9a5f3,mentality.software,available,10.55,33.32,high,low,9,spaceship,,,29/09/2026 06:09
5ded4750-29d6-4be8-9a7e-5154590ad5dd,intentions.software,available,16.22,34.35,medium,low,10,dynadot,,,27/09/2026 22:32
88c001f0-97cd-42b6-aba5-9689d1de561a,ineffably.software,available,11.98,56.98,medium,low,9,namecheap,,,15/09/2026 07:55
500104fb-a810-490b-8e87-20414f19819f,communicating.software,available,16.22,34.35,medium,low,13,dynadot,,,28/09/2026 17:54
03ef6388-b402-4af4-9657-f6ef4a7e6ad7,mystique.software,available,11.98,56.98,high,low,8,namecheap,,,29/09/2026 19:44
2f148853-d724-42fe-b338-ac26f51ffea1,dani.software,available,10.55,33.32,high,low,4,spaceship,,,29/09/2026 15:20
77e4f37c-c143-481b-a71b-d6e6eebc2b00,fatherless.software,available,11.98,56.98,medium,low,10,namecheap,,,17/08/2026 23:34
4152cf26-df51-4d9f-91f0-3e020fec0640,silent.software,resell,,,high,low,6,"GoDaddy.com, LLC",08/05/2026 17:08,08/05/2027 17:08,26/09/2026 09:01
868729ed-ef5d-4d1f-9f03-5e9cf41d3518,meaning.software,available,19.99,,high,low,7,name.com,,,25/09/2026 18:26
9490bc9b-063f-4f49-ad87-33f3ad5df3f3,eighty.software,available,11.98,56.98,high,low,6,namecheap,,,
b2ad0827-e1f6-4ea6-b877-e047d4b7f27f,unsent.software,available,11.98,56.98,medium,low,6,namecheap,,,12/09/2026 19:18
7d21e043-d2cd-4d05-980c-9a903aa1a263,joyfully.software,available,11.98,56.98,high,low,8,namecheap,,,14/09/2026 21:32
cc7bf703-8f07-42ab-824c-d5f454493ed9,unreported.software,available,11.98,56.98,medium,low,10,namecheap,,,12/09/2026 18:19
a48f4565-df6e-418a-80f5-b97c3ebaacb1,ascending.software,available,11.98,56.98,high,low,9,namecheap,,,07/08/2026 00:51
1cd8c994-0747-49df-95de-92f0bb07e8ad,stretchy.software,available,11.98,56.98,high,low,8,namecheap,,,10/09/2026 22:32
447d39a9-6a26-44cd-a5d4-443ee92df15c,tonic.software,available,29.99,50.99,high,low,5,name.com,,,19/09/2026 16:01
d7c06b86-f1ad-4f3b-a428-0c9c5448e383,annulet.software,available,20.99,41.99,medium,low,7,namesilo,,,19/09/2026 10:59
6b908114-75be-4040-b4b2-bb8718016d2e,observing.software,available,11.98,56.98,high,low,9,namecheap,,,04/09/2026 00:01
82913e99-10c3-4538-bd72-95bea501dddb,weaker.software,available,32.2,32.2,low,low,6,cloudflare,,,29/09/2026 05:14
344a18b6-7408-45d5-a339-47fafcded417,aerialist.software,available,11.98,56.98,medium,low,9,namecheap,,,17/09/2026 12:50
2ac2c6a0-d2b6-40b2-a3fc-57615ed731cf,scarcely.software,available,11.98,56.98,medium,low,8,namecheap,,,09/09/2026 22:55
f3f4e550-744c-42d3-b680-4410ad1f034b,shenzhen.software,premium,102.67,102.67,high,low,8,spaceship,,,29/09/2026 04:19
de7084e3-d7f4-4546-8257-4d97d36094be,dissatisfied.software,available,10.55,33.32,medium,low,12,spaceship,,,29/09/2026 21:05
d6f75146-49b0-4359-b8f9-9bb4c3d1566b,handsome.software,available,11.98,56.98,high,low,8,namecheap,,,09/08/2026 18:09
79ccd250-6543-4dc7-9a2d-a203830e05ef,rustle.software,available,11.98,56.98,high,low,6,namecheap,,,13/09/2026 11:37
6cf43be7-76da-41bb-8e89-4ae6b73c5ec8,fresno.software,available,20.99,41.99,high,low,6,namesilo,,,30/09/2026 01:42
da1e4a5e-76c8-4244-bf34-e059c8ab381e,stonewalls.software,available,20.99,41.99,low,low,10,namesilo,,,20/09/2026 14:03
9830483b-bc6b-4030-8604-7d6c7cb0ddeb,contiguity.software,available,20.99,41.99,medium,low,10,namesilo,,,17/09/2026 08:24
8599d7e9-1aac-475b-a605-daa943031df1,shrek.software,available,,,high,medium,5,,,,
26bbf819-32bb-4863-9279-82d13b6b5830,paramedic.software,available,11.98,56.98,high,low,9,namecheap,,,08/09/2026 00:59
64a26d68-0a9e-4fe7-930f-9125cd70dee8,kraus.software,available,20.99,41.99,medium,low,5,namesilo,,,29/09/2026 03:34
6db79c79-33c0-48fd-9a77-3a3a64f6ea44,pimply.software,available,11.98,56.98,medium,low,6,namecheap,,,
d0a6c4a3-5442-4ba7-a7a7-d54c65d11375,venter.software,available,11.98,56.98,medium,low,6,namecheap,,,16/09/2026 14:46
aeeb32fa-8345-4c2e-923f-2fdcee37ddae,crucify.software,available,11.98,56.98,medium,low,7,namecheap,,,14/08/2026 21:17
1df535bd-9785-4e1c-be71-6afc616bf791,blunt.software,available,11.98,56.98,high,low,5,namecheap,,,22/09/2026 23:15
d06bf344-3127-442f-98cb-4aaee3b1bcd9,painful.software,available,11.98,56.98,high,low,7,namecheap,,,
5768de7c-a04e-4cb8-8246-2bea24a5a3e7,insipid.software,available,11.98,56.98,medium,low,7,namecheap,,,10/08/2026 12:59
7ca1d8c8-3523-40dc-b101-ff4cb6aeed0d,azores.software,available,20.99,41.99,medium,low,6,namesilo,,,17/09/2026 02:13
359e7795-3f6f-457c-895a-465721497d46,alnico.software,available,20.99,41.99,medium,low,6,namesilo,,,18/09/2026 12:50
e9e6661e-936c-42f4-a9ed-341d9612810c,maas.software,available,20.99,41.99,high,low,4,namesilo,,,29/09/2026 21:54
dde1b4c6-4239-4e78-bc29-2ebe6b63a9b0,barman.software,available,20.99,41.99,high,low,6,namesilo,,,22/09/2026 06:19
a91108d2-30bf-4a87-bed4-2a1e40c997de,collateral.software,available,11.98,56.98,high,low,10,namecheap,,,12/08/2026 16:42
48500250-1b97-4c5f-bdfc-2070fd3d5fad,cochran.software,available,16.22,34.35,medium,low,7,dynadot,,,27/09/2026 12:38
c1e055d0-342c-4abe-9037-53dbf49e3892,boethius.software,available,20.99,41.99,medium,low,8,namesilo,,,19/09/2026 08:26
99e536e0-331b-45ec-8793-5c9d53a12ad7,butterball.software,available,11.98,56.98,medium,low,10,namecheap,,,17/08/2026 23:59
db0c1408-f16b-47e9-bf20-b4341081b502,ttyl.software,available,19.99,,medium,low,4,name.com,,,
479ecf93-3955-4067-9a13-f9743130c19a,acerola.software,available,20.99,41.99,medium,low,7,namesilo,,,16/09/2026 23:42
35fd6c8b-a55e-4dc6-aa4d-dd45c56e3c9f,boffo.software,available,11.98,56.98,high,low,5,namecheap,,,10/08/2026 16:57
7a882ccb-354b-4f0a-aa86-5e6dd0d01010,eps.software,premium,54.36,108.6,high,low,3,porkbun,,,27/09/2026 19:02
14a36405-3eb0-492e-89e8-bcc13c78bba2,borodin.software,available,20.99,41.99,high,low,7,namesilo,,,18/09/2026 05:02
e048c870-d6c8-462c-a016-b9c7747aec8c,tunica.software,available,11.98,56.98,medium,low,6,namecheap,,,17/09/2026 10:35
edf8bdc2-ee17-4749-8f81-8e38a2a1edbe,gloaming.software,available,11.98,56.98,medium,low,8,namecheap,,,11/09/2026 21:41
645205a9-6693-4d8b-aff4-0b1fad4f03a3,ration.software,available,11.98,56.98,high,low,6,namecheap,,,30/09/2026 02:40
fb2c21b2-2827-4597-b40c-d703f8a46540,crepuscle.software,available,11.98,56.98,medium,low,9,namecheap,,,11/09/2026 21:50
c7e20835-fa94-413f-a7ea-0e8b88759f0a,cantabile.software,available,11.98,56.98,medium,low,9,namecheap,,,11/08/2026 17:38
8af80a17-8e5a-4c8a-96c8-9d93f1e93492,mocking.software,available,11.98,56.98,medium,low,7,namecheap,,,14/08/2026 02:52
5c37a46f-d7d9-4f10-859a-453f3267821b,prizes.software,available,20.99,41.99,high,low,6,namesilo,,,20/09/2026 04:19
fa2f31af-12bd-42c0-966e-a6e567f1480d,trimly.software,available,20.99,41.99,medium,low,6,namesilo,,,16/09/2026 09:29
55cecd0b-e24b-442b-a37e-988e18b7effd,mussy.software,available,11.98,56.98,medium,low,5,namecheap,,,24/08/2026 21:24
9d99bc78-02b9-45db-aac1-c03b4d561f48,prate.software,available,20.99,41.99,medium,low,5,namesilo,,,23/09/2026 23:29
5fa06e59-9a39-43d3-b729-131ba3e03087,lack.software,available,11.98,56.98,high,low,4,namecheap,,,27/09/2026 03:43
661fea9e-3389-418d-b5f4-fe68eecca4f3,bette.software,available,20,,medium,low,5,unstoppable,,,29/09/2026 15:28
3683f657-2dd2-4097-a3aa-ef5355739362,anteater.software,available,20.99,41.99,high,low,8,namesilo,,,16/09/2026 13:25
bdde985e-66f7-4f94-9e85-f38a34ff9aa6,enwrapped.software,available,11.98,56.98,medium,low,9,namecheap,,,
83a9cf0c-8d39-4af2-bbed-caad7bc44229,inertial.software,available,11.98,56.98,medium,low,8,namecheap,,,22/08/2026 03:59
998f6304-0613-40b0-834a-3b68f25e296a,derisory.software,available,11.98,56.98,low,low,8,namecheap,,,14/08/2026 02:56
0ce289ab-247c-4483-902e-95dd53c44192,incessant.software,available,11.98,56.98,high,low,9,namecheap,,,11/08/2026 23:04
37545fdb-528e-4e6c-8b7b-550671aa83be,yearling.software,available,20.99,41.99,high,low,8,namesilo,,,22/09/2026 00:38
b68ff7b8-f21f-46cd-9a13-79b21387ef81,atlantic.software,resell,,,high,low,8,"GoDaddy.com, LLC",08/05/2026 17:08,08/05/2027 17:08,26/09/2026 04:06
3626c0e9-9ed0-4d9d-8fd6-b48661bb0f75,obsessive.software,available,11.98,56.98,high,low,9,namecheap,,,25/09/2026 23:45
1dbc456b-8207-4e14-9a3e-ab127ef956df,multipurpose.software,available,19.99,,medium,low,13,name.com,,,
b6d2cca8-dd2e-458c-bc29-5a1caeb7b00a,praised.software,available,20.99,41.99,medium,low,7,namesilo,,,29/09/2026 16:38
997135e3-334a-41cc-8032-aae9049bf6c8,changes.software,available,19.99,,medium,low,7,name.com,,,
a6bc57c9-a67b-4007-b198-74d2e2e2acd6,nonexempt.software,available,11.98,56.98,medium,low,9,namecheap,,,03/09/2026 19:09
020720c3-daf2-4fbf-acde-8c90dc8cb12b,hhs.software,premium,207.2,207.2,high,low,3,spaceship,,,29/09/2026 12:02
e6c9aeb9-2271-4deb-b316-b143b6639662,forgot.software,available,20.99,41.99,medium,low,6,namesilo,,,27/09/2026 21:47
6bd8e142-7a9a-47d1-8827-c65540d513e6,dormie.software,available,11.98,56.98,medium,low,6,namecheap,,,14/08/2026 16:21
0a6f47e3-072f-4c10-b47e-01f5e342ba74,jadestone.software,available,11.98,56.98,medium,low,9,namecheap,,,22/08/2026 11:54
6988ad55-dce6-4c86-88d8-b325d089cf3c,slim.software,available,10.55,33.32,high,low,4,spaceship,,,27/09/2026 22:35
aab115d7-73c4-4878-a228-456596f612e3,smoothed.software,available,11.98,56.98,medium,low,8,namecheap,,,10/09/2026 12:07
fd0b285c-4093-4ea8-b386-8147fa19bff4,apposite.software,available,11.98,56.98,medium,low,8,namecheap,,,06/08/2026 07:53
0cdf650d-71f3-4821-9bbe-fb7b2320b27b,borrowed.software,available,20.99,41.99,medium,low,8,namesilo,,,27/09/2026 09:49
21085633-abdb-4535-a7f9-20e04f0591a1,alewife.software,available,20.99,41.99,medium,low,7,namesilo,,,18/09/2026 05:44
9990d919-35e4-4b23-863b-9d051a329f62,laborer.software,available,10.55,33.32,high,low,7,spaceship,,,30/09/2026 01:52
733c5cf0-52d0-47c1-bd9f-ac24808249eb,gamers.software,available,20.99,41.99,high,low,6,namesilo,,,20/09/2026 23:00
62436bba-33e7-439b-a685-1a905dc23aaf,graphics.software,premium,400.5,,high,low,8,unstoppable,,,28/09/2026 22:24
ae995dbc-be0a-4d7a-a1a0-215a1d2581c9,asphyxia.software,available,20.99,41.99,medium,low,8,namesilo,,,20/09/2026 15:10
1e121dd9-8595-49b0-bb18-c21410891304,ingredient.software,available,20.99,41.99,high,low,10,namesilo,,,24/09/2026 16:51
254d097b-329b-4339-a5e9-d2771a60f6a1,shows.software,available,20.99,41.99,high,low,5,namesilo,,,18/09/2026 14:42
7310b6ef-3825-4e93-9d78-b06f69a52861,telescopic.software,available,11.98,56.98,medium,low,10,namecheap,,,11/09/2026 10:24
15479550-f979-4a35-973c-25174c55cdfe,felid.software,available,11.98,56.98,medium,low,5,namecheap,,,18/08/2026 00:54
c4a80ac1-3def-416f-986b-574e804c1c0b,might.software,available,19.99,,high,low,5,name.com,,,
e0f88890-6c41-4c98-bd1f-191b1209a203,appetency.software,available,20.99,41.99,medium,low,9,namesilo,,,19/09/2026 20:43
e20b6d31-7f44-4590-b3eb-a926a6677836,unstarred.software,available,11.98,56.98,medium,low,9,namecheap,,,12/09/2026 01:15
cf2522f8-c7a8-4b6d-b925-25792d95575c,crowns.software,available,20.99,41.99,medium,low,6,namesilo,,,18/09/2026 06:26
0af96dda-7a5c-45a0-92d8-53518ad263af,wounding.software,available,11.98,56.98,medium,low,8,namecheap,,,10/09/2026 17:53
b2c69626-6892-43f3-b1a3-5157bfbde6f5,backseat.software,available,20.99,41.99,high,low,8,namesilo,,,21/09/2026 15:49
1afed9fb-3fa6-466a-933e-45be7f2dc64f,inquiry.software,available,11.98,56.98,high,low,7,namecheap,,,29/09/2026 00:48
749d054d-d162-4e37-827f-6fbd44095744,destined.software,available,20.99,41.99,high,low,8,namesilo,,,24/09/2026 06:55
c2b2b4ac-a1f0-409a-bdd5-1809b1b0396e,reversal.software,available,10.55,33.32,high,low,8,spaceship,,,29/09/2026 18:17
4de90585-9bf4-476f-b329-11a89ce0ada3,saturated.software,available,11.98,56.98,medium,low,9,namecheap,,,09/09/2026 21:53
5f5f94d9-8771-4eca-ab40-b2e8e5b8b479,compelled.software,available,16.22,34.35,low,low,9,dynadot,,,28/09/2026 23:06
6f2196d0-f52f-48a4-be7b-569e37d4bd95,peppy.software,available,11.98,56.98,high,low,5,namecheap,,,08/09/2026 15:44
78a96ab9-fa99-44dc-9029-986eef35f340,cinematic.software,available,11.98,56.98,high,low,9,namecheap,,,12/08/2026 08:13
447b97c9-ed04-4fe5-9460-4c9fdee245e1,leasing.software,resell,,,high,low,7,"NameSilo, LLC",15/09/2024 13:43,15/09/2027 13:43,26/09/2026 07:11
9c3be331-7f8f-4fab-9bb9-a9f7adb2a6bf,leftist.software,available,11.98,56.98,medium,low,7,namecheap,,,12/08/2026 17:05
5484cd60-c444-4af7-b92d-5f795152a418,intolerant.software,available,11.98,56.98,medium,low,10,namecheap,,,21/08/2026 20:02
3fda1756-2c43-4574-8ef6-94745f22fa69,fungicide.software,available,11.98,56.98,high,low,9,namecheap,,,
fec26440-dffc-4bd7-b207-a1db3ef47a29,greg.software,available,20.99,41.99,high,low,4,namesilo,,,25/09/2026 10:39
5016fb1a-992a-419f-b073-553134a8853c,involvement.software,available,19.99,,high,low,11,name.com,,,
520bc58b-a870-44bb-a9e3-7f8002066d1c,dinosaur.software,available,10.55,33.32,high,low,8,spaceship,,,29/09/2026 15:02
1322751a-eef9-421c-80cf-2a77f1508211,rebirth.software,available,20.99,41.99,high,low,7,namesilo,,,30/09/2026 02:16
1b67336f-db64-41e9-93ab-0149459ed8a5,sleepily.software,available,11.98,56.98,medium,low,8,namecheap,,,16/09/2026 02:32
fc659e9b-c273-4903-8425-04cf76702d5a,rat.software,premium,118.8,118.8,high,low,3,namesilo,,,11/08/2026 09:11
35b84249-221d-416d-b895-b3a393639e64,anjou.software,available,20.99,41.99,high,low,5,namesilo,,,19/09/2026 09:39
a30a6fe5-de87-44ca-b5bc-ccd45e0ceb12,exceeded.software,available,32.2,32.2,medium,low,8,cloudflare,,,30/09/2026 00:20
11ddf644-a37c-41ac-973e-63e8323f105c,liable.software,available,19.99,,high,low,6,name.com,,,
7e640ee0-734f-4b32-a9ff-68e65f4d032d,report.software,premium,500,,high,low,6,name.com,,,
5ea43404-04b7-48ac-98aa-54cf790b7ebc,inspiring.software,available,20.99,41.99,high,low,9,namesilo,,,25/09/2026 09:50
33d2977e-b2c1-47ff-9748-710a6ca898c0,aberrant.software,available,11.98,56.98,high,low,8,namecheap,,,
c62959e5-1e7b-4823-bbe3-a32da96c3aa7,video.software,premium,3450,3450,high,medium,5,namesilo,,,30/09/2026 02:58
a9f35a31-da1b-44c4-a523-7ccf950afa6c,temperate.software,available,11.98,56.98,high,low,9,namecheap,,,11/09/2026 10:48
d7d328e2-f51a-4b82-ad34-ac99c1cab9ee,sentences.software,available,11.98,56.98,medium,low,9,namecheap,,,16/09/2026 20:11
edb388c8-b88b-4bd9-a991-90a029cd3e3e,motherless.software,available,11.98,56.98,medium,low,10,namecheap,,,25/08/2026 07:02
00613a23-9489-4822-9c1a-8f4a388d2fd1,bony.software,available,11.98,56.98,medium,low,4,namecheap,,,10/08/2026 18:42
4f3e66df-240d-40bb-907c-8cedf1666256,eastmost.software,available,11.98,56.98,medium,low,8,namecheap,,,14/08/2026 22:57
41c09bd4-7e90-4b7f-9cb5-f25a954b8fdb,guts.software,available,20.99,41.99,high,low,4,namesilo,,,29/09/2026 21:51
d1a76122-4745-4e49-afb6-2b7164eca0a4,outskirts.software,available,20,,high,low,9,unstoppable,,,29/09/2026 19:53
34536098-0946-42ff-a370-541576c75d19,kidnap.software,available,15.96,33.47,medium,low,6,porkbun,,,28/09/2026 20:48
d90daa3d-0c66-478b-80d9-322b3e2cdd43,wilsonian.software,available,11.98,56.98,medium,low,9,namecheap,,,13/09/2026 12:02
4a7fe307-7af5-4c39-8a81-6b970d70013b,dating.software,premium,440,440,high,low,6,dynadot,,,29/09/2026 13:14
02c438f6-9196-41c3-ab03-46bf69c8ba64,fonda.software,available,10.55,33.32,medium,low,5,spaceship,,,29/09/2026 06:57
5ee6d878-2014-4f17-a3ad-04cb24f9b14b,bedder.software,available,20.99,41.99,medium,low,6,namesilo,,,22/09/2026 23:13
de99f97a-14e8-4615-8624-11b3d50f7219,angeles.software,available,11.98,56.98,high,low,7,namecheap,,,25/09/2026 16:22
a7bed086-de70-4288-a74a-6f71d3baef91,breckinridge.software,available,10.55,33.32,medium,low,12,spaceship,,,29/09/2026 15:54
2c41a370-a2f6-4dec-a08b-85781b9cdbea,achaean.software,available,11.98,56.98,medium,low,7,namecheap,,,
7d36ee19-2a62-476c-b8ea-bfeb6deae6b0,epical.software,available,11.98,56.98,medium,low,6,namecheap,,,17/08/2026 10:29
cc2d84b8-dee3-4510-8e49-684331321b7f,beguine.software,available,20.99,41.99,medium,low,7,namesilo,,,23/09/2026 02:59
0e499fe2-b839-4098-a098-5cc6fa915b52,foe.software,available,32.2,32.2,high,low,3,cloudflare,,,29/09/2026 18:55
37bad15f-0889-47a2-b8d6-c5e809de1ba1,rss.software,premium,2587.7,2587.7,high,low,3,spaceship,,,29/09/2026 21:06
6b25ff3b-ca4c-4819-9be7-8ccaef47e469,dies.software,available,11.98,56.98,medium,low,4,namecheap,,,25/09/2026 16:12
5afeee79-4c5c-42de-8af6-8154b79e0871,nfl.software,available,20.99,41.99,high,low,3,namesilo,,,26/09/2026 03:28
d03daf5f-e6d8-4c0d-a4aa-49a1c49974b7,posters.software,available,19.99,,high,low,7,name.com,,,
4ec990f1-7078-40fb-b52b-ff65707ad2bd,whoreson.software,available,11.98,56.98,low,low,8,namecheap,,,08/08/2026 23:43
4bbcf6c1-fea2-4efc-b481-a25057b101f4,ambrose.software,available,20.99,41.99,high,low,7,namesilo,,,18/09/2026 17:22
c7d0ce48-167a-4fb2-951d-05b5d10f5207,accomplice.software,available,20.99,41.99,high,low,10,namesilo,,,16/09/2026 22:50
d905d977-b6be-4195-bf5d-b3d195b4a46f,pictured.software,available,11.98,56.98,medium,low,8,namecheap,,,14/08/2026 02:14
d780fb44-0b85-4df5-8dc2-b5a79aa521a3,pester.software,available,11.98,56.98,medium,low,6,namecheap,,,21/09/2026 17:02
9ec33448-119d-4c73-a99b-fcca7f73b2b5,disaster.software,available,20.99,41.99,high,low,8,namesilo,,,24/09/2026 11:38
daa7dc7f-a600-4a04-bd9b-b91c06b0eb6f,bergamot.software,available,20.99,41.99,high,low,8,namesilo,,,23/09/2026 09:18
4fce11bb-9138-4bb7-bc71-8a7305a2048f,heatless.software,available,11.98,56.98,medium,low,8,namecheap,,,21/08/2026 02:27
9c827ad5-0b20-48c7-97eb-93a5df83ad5a,confess.software,available,19.99,,high,low,7,name.com,,,
6e8c7d52-f1c6-43bd-b7b6-fcee9203c063,told.software,available,19.99,,medium,low,4,name.com,,,
24204083-1651-4798-851a-f954ebdb0970,achene.software,available,20.99,41.99,high,low,6,namesilo,,,17/09/2026 00:28
da2506c6-f732-4720-8f8b-ed8ab248c772,cyclonic.software,available,29.99,50.99,medium,low,8,name.com,,,13/08/2026 13:42
b52dbf24-9bb6-4aa5-99b4-9e9732d3e267,bolster.software,available,20,,medium,low,7,unstoppable,,,29/09/2026 03:17
875dfb0f-600d-4780-82f7-9f61f34f9316,vexed.software,available,11.98,56.98,medium,low,5,namecheap,,,21/08/2026 00:15
0f007ad3-9168-434e-aa78-7c4de0a54ddc,moire.software,available,11.98,56.98,medium,low,5,namecheap,,,25/08/2026 03:26
59b3edd7-77b4-4664-88d9-e62e6b127213,oxidized.software,available,11.98,56.98,medium,low,8,namecheap,,,04/09/2026 22:25
00f6fa44-08c4-44cc-8c20-669687113946,molly.software,available,16.22,34.35,high,low,5,dynadot,,,28/09/2026 14:53
036a6cc3-5a96-4c6d-8974-e432c1f9bbba,aguish.software,available,11.98,56.98,medium,low,6,namecheap,,,
bc91eb10-377d-4149-b419-ef201337e0dc,retiring.software,available,10.55,33.32,high,low,8,spaceship,,,27/09/2026 13:20
5cfbe68e-0d33-45fb-a4dc-9935848d8257,sculpted.software,available,11.98,56.98,high,low,8,namecheap,,,20/08/2026 18:50
57db294b-2e55-4f19-bf88-675f2bf02b4f,unworthy.software,available,11.98,56.98,medium,low,8,namecheap,,,14/08/2026 04:05
ec4bbcdc-538b-49c4-9a12-0fc27feaadc4,rocket.software,premium,207.2,207.2,high,medium,6,spaceship,,,28/09/2026 22:25
470631ea-d49c-44c5-a3cb-4d63b7340687,stunner.software,available,11.98,56.98,high,low,7,namecheap,,,22/08/2026 16:40
2b37b2a0-b53f-483b-8011-cc34ade0ca11,underestimate.software,available,19.99,,high,low,13,name.com,,,
4ee3664b-ee32-4db8-9cf0-b63d1cbd50e5,consoling.software,available,11.98,56.98,high,low,9,namecheap,,,12/08/2026 22:42
a76d0c12-e8c3-41ac-a779-95dbb3c42251,chilling.software,available,11.98,56.98,medium,low,8,namecheap,,,12/08/2026 05:19
4777c482-67ca-431f-82d3-2251fecb6a7f,arccos.software,available,20.99,41.99,medium,low,6,namesilo,,,20/09/2026 01:15
35723e42-ba6f-4488-8c75-35819aaa3dc9,campestral.software,available,11.98,56.98,medium,low,10,namecheap,,,11/08/2026 16:05
c8697162-25c5-4316-abad-6b8ae68ab8ce,atilt.software,available,11.98,56.98,medium,low,5,namecheap,,,07/08/2026 13:13
a4a82072-6bae-4be1-a1db-82dbdcc50939,fate.software,available,16.22,34.35,high,low,4,dynadot,,,29/09/2026 09:19
018b5400-5996-4eb1-b648-4da084a80382,mammalian.software,available,11.98,56.98,high,low,9,namecheap,,,24/08/2026 14:19
92dac741-820e-4add-96cc-8c3f48b726dd,intangible.software,available,11.98,56.98,high,low,10,namecheap,,,21/08/2026 21:42
b7aee4a7-e795-4300-ac5e-bc47d703f891,autumnal.software,available,11.98,56.98,medium,low,8,namecheap,,,07/08/2026 21:23
90e692db-e217-4954-a13a-e9c53e0b1c47,tense.software,available,11.98,56.98,high,low,5,namecheap,,,11/09/2026 11:26
8f34b875-03cf-4c86-b2eb-a65c6f47f5bc,betel.software,available,20.99,41.99,medium,low,5,namesilo,,,23/09/2026 11:05
dc7cc418-04ef-4ed7-8fec-481597a64bc6,departments.software,available,32.2,32.2,medium,low,11,cloudflare,,,29/09/2026 17:21
2433e0af-7c9b-4ec7-a7ac-6315c3ce7c51,contribution.software,available,20.99,41.99,high,low,12,namesilo,,,28/09/2026 04:30
004e95e9-5ec8-474c-844e-c7291c35274f,metrical.software,available,11.98,56.98,medium,low,8,namecheap,,,24/08/2026 22:08
10fb7569-c18c-45dd-a3ba-380b9375a94f,inflict.software,available,20.99,41.99,high,low,7,namesilo,,,30/09/2026 03:14
6c47e1a1-8582-4da0-ad91-170c67501d47,shed.software,available,29.99,50.99,high,low,4,name.com,,,23/09/2026 12:18
3904b118-3ae5-4a87-b233-cfc9a3b48aeb,champagne.software,available,20.99,41.99,high,low,9,namesilo,,,23/09/2026 10:06
4c5dd03d-5a86-47f9-8a42-0023348af270,harriet.software,available,20.99,41.99,high,low,7,namesilo,,,27/09/2026 22:29
e8d95b09-c638-451c-b25b-c2a95c40d5e9,revengeful.software,available,11.98,56.98,medium,low,10,namecheap,,,09/09/2026 16:00
48b95e79-eb9a-49fe-bbd8-95271fb08ceb,eloquently.software,available,11.98,56.98,medium,low,10,namecheap,,,13/09/2026 20:54
ddf176de-0506-4146-b825-45d6b76a52d1,liquefied.software,available,11.98,56.98,medium,low,9,namecheap,,,23/08/2026 22:01
c3421657-21c9-4575-885c-ecebcc657a3d,airlike.software,available,11.98,56.98,medium,low,7,namecheap,,,
e133070c-cc2b-4b64-a73d-be7ba5aefde4,cob.software,available,20.99,41.99,high,low,3,namesilo,,,23/09/2026 23:42
fbef62ae-da8f-448e-b5a2-19eccd86de87,relaxation.software,available,20.99,41.99,high,low,10,namesilo,,,29/09/2026 12:08
37a44e7d-04df-4fc5-9b50-3877c9a7510e,trooper.software,available,20.99,41.99,high,low,7,namesilo,,,29/09/2026 00:23
6a1e00f7-29b0-401a-a535-f10ed0097202,vinegar.software,available,20,,high,low,7,unstoppable,,,29/09/2026 08:17
fac4781d-10b3-492a-b87d-2116aa3d1d08,rodeo.software,available,32.2,32.2,high,low,5,cloudflare,,,28/09/2026 06:42
3e73356c-f04f-45a0-be7e-a347ae1ba012,ametria.software,available,11.98,56.98,medium,low,7,namecheap,,,18/09/2026 21:07
f4e78f24-575a-4aa6-b35e-0f088965573d,aborigine.software,available,11.98,56.98,medium,low,9,namecheap,,,
03fbe8f9-543c-4f7c-a134-6351c38545ba,obstetric.software,available,11.98,56.98,medium,low,9,namecheap,,,04/09/2026 00:03
3eeeedb4-86ff-4fca-83e0-a041a5467e61,trumpian.software,available,19.99,,medium,low,8,name.com,,,
732cae29-c84b-41f6-863e-ec02b3983242,implicitly.software,available,11.98,56.98,medium,low,10,namecheap,,,15/09/2026 02:29
207a9cd8-fd3b-4e6f-bdb5-ef80dc374fdc,grouped.software,available,11.98,56.98,medium,low,7,namecheap,,,20/08/2026 20:22
763b5da2-f3e3-4642-a1ef-95e35d7ca79e,mangold.software,available,11.98,56.98,medium,low,7,namecheap,,,23/09/2026 11:02
1bf30678-5951-4660-b0ac-076c8ce82ef7,jug.software,available,20,,high,low,3,unstoppable,,,29/09/2026 12:28
6144667d-057a-47c9-a3ba-b5e66e79caf7,limber.software,available,11.98,56.98,high,low,6,namecheap,,,23/08/2026 11:08
7b591947-9ee9-4998-9829-7b2e6ee969be,campana.software,available,20.99,41.99,high,low,7,namesilo,,,23/09/2026 05:51
5082276e-c8bb-4c0b-bc6e-bdfc9f3903d3,tike.software,available,11.98,56.98,medium,low,4,namecheap,,,25/08/2026 00:12
2be6a5f1-1e94-41cf-93c5-dc94700517b9,shot.software,available,20.99,41.99,high,low,4,namesilo,,,23/09/2026 13:53
f2ea9534-45d5-45fb-a76e-6a42018c0ad7,vaulting.software,available,11.98,56.98,high,low,8,namecheap,,,04/09/2026 21:34
a22fd7eb-a1b5-4271-b81c-3ebe390290c3,dutiful.software,available,11.98,56.98,high,low,7,namecheap,,,14/08/2026 21:39
3f37d2a3-3a01-4e3f-8155-0f0160e1ff67,screwdrivers.software,available,11.98,56.98,medium,low,12,namecheap,,,20/09/2026 04:52
31fd2ed8-edc0-4cb8-b495-ce2832246db8,asexually.software,available,11.98,56.98,medium,low,9,namecheap,,,13/09/2026 22:03
e10eaa52-503f-43e8-a6a4-24ed164a0245,alummah.software,available,20.99,41.99,medium,low,8,namesilo,,,18/09/2026 01:08
50b3fa18-fdd5-406d-9cc3-3fc0e77d539a,mythology.software,available,20.99,41.99,high,low,9,namesilo,,,28/09/2026 14:56
f3f65372-9c5f-4d12-bcaa-6be0fafb5c34,revelatory.software,available,11.98,56.98,high,low,10,namecheap,,,06/08/2026 00:55
33edce0c-cfea-404d-9083-15cdac43ff1a,preference.software,available,32.2,32.2,high,low,10,cloudflare,,,29/09/2026 16:57
af35ecb0-c4cc-4ea8-bcbe-fec6c0f94b9a,goddard.software,available,10.55,33.32,medium,low,7,spaceship,,,30/09/2026 01:46
5335f4b2-d84d-45cf-9ae3-a02127ee4cf4,batiste.software,available,20.99,41.99,medium,low,7,namesilo,,,22/09/2026 14:05
f5df210e-1e32-4eb9-87a3-ca3fab3531ad,charcoal.software,available,11.98,56.98,high,low,8,namecheap,,,12/08/2026 02:24
c8127f50-9329-4e1d-9b6f-16f46b65863e,beanstalk.software,available,20.99,41.99,high,low,9,namesilo,,,22/09/2026 20:43
f1c84ac1-e21e-40bc-bff6-fd2ff92fce63,twist.software,available,20.99,41.99,high,low,5,namesilo,,,28/09/2026 10:40
c55f084f-8803-4cef-8e84-7fc1403c4833,designing.software,premium,500,500,high,low,9,name.com,,,14/08/2026 03:45
8f2d0f3c-1e59-4a99-a30e-228579b1001e,greasy.software,available,11.98,56.98,high,low,6,namecheap,,,20/08/2026 19:35
3f87e27c-1f89-4b5f-a979-95a234ecbe97,flexibly.software,available,11.98,56.98,medium,low,8,namecheap,,,14/09/2026 18:58
31677f7c-f97a-4800-ac23-e81f63862512,rarified.software,available,11.98,56.98,medium,low,8,namecheap,,,17/08/2026 15:46
f5873ca1-2c1c-4dd8-a79f-c1c4786ad98e,ripon.software,available,10.55,33.32,high,low,5,spaceship,,,29/09/2026 16:21
06db5074-2627-4e5b-a609-954420af9c8e,errorless.software,available,11.98,56.98,high,low,9,namecheap,,,17/08/2026 13:01
47af06fb-e112-449e-871a-2ba296200a9c,library.software,premium,512,512,high,low,7,namesilo,,,28/09/2026 08:46
2d17cc53-38e4-439a-8671-c20d6a0f3fdf,ketonemia.software,available,20.99,41.99,medium,low,9,namesilo,,,17/09/2026 00:10
363dc7aa-a635-4840-980a-f1e0fa26ab11,currently.software,available,11.98,56.98,medium,low,9,namecheap,,,28/09/2026 14:29
7f0e6424-722f-46bf-8e94-3dce56d183af,slapdash.software,available,11.98,56.98,medium,low,8,namecheap,,,10/09/2026 09:57
51651949-1f2b-48bb-a8a9-b0835be4e585,whizz.software,available,11.98,56.98,high,low,5,namecheap,,,21/09/2026 18:06
a65c632c-e06e-4d90-b482-2e2d25863bb9,sundress.software,available,19.99,,high,low,8,name.com,,,
edea96e6-b599-40f9-b8d1-9f8abe72146a,bop.software,available,20.99,41.99,high,low,3,namesilo,,,22/09/2026 10:28
d963443c-3039-4a68-8a4f-2279798db544,pretense.software,available,20.99,41.99,high,low,8,namesilo,,,25/09/2026 16:21
434e3449-811b-4e03-885b-be3e32c9b939,clapper.software,available,11.98,56.98,medium,low,7,namecheap,,,19/09/2026 20:51
33d833a2-52cd-4d9e-9821-6ed4a45e4c54,brings.software,available,20.99,41.99,medium,low,6,namesilo,,,18/09/2026 15:15
65214e13-a884-4b1e-a959-0a4c80df18dc,concurrent.software,available,11.98,56.98,high,low,10,namecheap,,,12/08/2026 13:22
a9c400ad-bdd6-4faa-9eb5-c0f4c5da8d00,skinless.software,available,11.98,56.98,medium,low,8,namecheap,,,10/09/2026 09:42
e7e4cae4-a0f4-42e1-bae4-5d8331f20411,xxii.software,available,20.99,41.99,high,low,4,namesilo,,,21/09/2026 12:40
f1cdca39-7607-49a1-a30b-afad8b5ed68f,andante.software,available,11.98,56.98,medium,low,7,namecheap,,,
b0a80c6c-e6ed-4d9e-bdda-836026b966f3,jarring.software,available,11.98,56.98,medium,low,7,namecheap,,,22/08/2026 12:26
51655a22-00b1-4dca-a67d-4aee9d590dff,mobs.software,available,20.99,41.99,medium,low,4,namesilo,,,18/09/2026 05:11
e37191bf-efc7-49b4-8084-418b8d84a46f,blacksnake.software,available,20.99,41.99,medium,low,10,namesilo,,,24/09/2026 01:28
41587baa-2307-416f-9216-a732273f54bc,tousled.software,available,11.98,56.98,medium,low,7,namecheap,,,14/08/2026 11:02
b18c90ce-8e63-4631-86d2-1f42c076a439,narcotic.software,available,11.98,56.98,medium,low,8,namecheap,,,03/09/2026 13:12
a1bfa4c7-ed53-4e08-b112-72bbe768cefe,lights.software,available,19.99,,high,low,6,name.com,,,
ca8b2643-b375-4cff-bc1e-d0f6491ac8cb,whistle.software,available,20.99,41.99,high,low,7,namesilo,,,25/09/2026 23:59
6d1e4fec-5475-456a-a6fd-b5c01cee8061,welcomed.software,available,20.99,41.99,high,low,8,namesilo,,,29/09/2026 08:42
0e7028a3-ab3b-493f-9e5b-93b06a1cf5ec,royally.software,available,11.98,56.98,medium,low,7,namecheap,,,15/09/2026 12:01
f913b282-5193-4711-a659-203026fc61b4,fallow.software,available,11.98,56.98,high,low,6,namecheap,,,17/08/2026 21:32
132f1e8c-78fd-420a-9eaa-085c17e4f84e,criminals.software,available,20.99,41.99,low,low,9,namesilo,,,27/09/2026 03:03
1163158e-cb47-4550-a06f-45ce0a4c65a5,reveals.software,available,11.98,56.98,medium,low,7,namecheap,,,20/09/2026 06:30
61dfaa14-6b68-43be-a9af-c8c4a52cb531,calcutta.software,available,10.55,33.32,high,low,8,spaceship,,,30/09/2026 00:56
181f0a74-55ca-4965-af1d-386b773501a2,aiken.software,available,11.98,56.98,high,low,5,namecheap,,,17/09/2026 21:01
8e479d0c-f281-414e-b38f-ef2cc6868f1c,renew.software,available,11.98,56.98,high,low,5,namecheap,,,19/09/2026 08:23
28622753-1f2b-4180-a4ce-607037b3b1d1,antler.software,available,20.99,41.99,medium,low,6,namesilo,,,19/09/2026 15:20
8e5a905f-60ef-4695-bf3a-1f94ca1ef231,fresnel.software,available,20.99,41.99,high,low,7,namesilo,,,21/09/2026 04:00
f15c8f61-e84c-425d-8b14-fd5739cabe12,dalhousie.software,available,10.55,33.32,medium,low,9,spaceship,,,29/09/2026 21:41
f05413b5-5f63-4a86-81f7-8b660f948933,meshed.software,available,11.98,56.98,medium,low,6,namecheap,,,24/08/2026 20:57
f90b1c7c-28fb-4f85-9fee-38bad78ac9a0,nix.software,premium,242,242,high,low,3,namesilo,,,03/09/2026 22:30
228bbbf6-8abc-47f9-a619-9267ddb215d0,rescued.software,available,11.98,56.98,high,low,7,namecheap,,,09/09/2026 11:35
752c203b-bbb6-4624-bef9-08b17f8c224e,squat.software,available,11.98,56.98,high,low,5,namecheap,,,25/09/2026 15:16
53ac2221-3185-47af-ae6f-d428ce78dbdf,alpenstock.software,available,11.98,56.98,medium,low,10,namecheap,,,18/09/2026 13:32
7561927b-f9c5-4c74-a4b5-294a44e57c7b,hillary.software,available,20.99,41.99,high,low,7,namesilo,,,27/09/2026 03:48
09cf7c55-c88c-41ce-9c63-535ffd95c467,penally.software,available,11.98,56.98,medium,low,7,namecheap,,,15/09/2026 19:29
1cfdf66b-d092-4109-b6bd-e6fe4875a6e9,janice.software,available,20.99,41.99,high,low,6,namesilo,,,27/09/2026 19:53
fdbca81f-1b3f-40b8-adb0-c399e5576ef6,darned.software,available,11.98,56.98,medium,low,6,namecheap,,,10/08/2026 12:41
727921f2-78bb-45d7-87d8-dd6ec1aca016,classy.software,available,11.98,56.98,high,low,6,namecheap,,,12/08/2026 09:52
6f348d4f-86e1-42fc-baea-78e6f805b474,oreo.software,available,19.99,,high,low,4,name.com,,,
f2a1fdc4-cbb8-42fa-be48-32d3a091cb67,anthesis.software,available,11.98,56.98,high,low,8,namecheap,,,18/08/2026 09:06
27f32e29-e09e-4015-982b-90a0a18f918a,babies.software,available,19.99,,high,low,6,name.com,,,
093d9009-ea8d-45c8-8f8d-b8aa330ac4fe,hospital.software,resell,,,high,low,8,Dynadot Inc,11/03/2026 21:34,11/03/2027 21:34,28/09/2026 12:22
7c8004a3-7347-48f1-8aea-2581aed63be8,lister.software,available,20.99,41.99,high,low,6,namesilo,,,22/09/2026 07:14
bc93faf6-0690-47f0-9ec8-749a5f010b84,subaquatic.software,available,11.98,56.98,medium,low,10,namecheap,,,10/09/2026 23:28
2efca345-0b7a-4994-8aa0-3adb20607cd9,tighter.software,available,20.99,41.99,high,low,7,namesilo,,,29/09/2026 14:55
4fb3062b-77cc-4a80-b0ee-7969bbb0d4c7,partizan.software,available,11.98,56.98,high,low,8,namecheap,,,08/09/2026 02:09
a66212e4-4e16-423e-92c0-80086b51e616,unsound.software,available,20.99,41.99,medium,low,7,namesilo,,,24/09/2026 16:24
b18d9d90-ad51-4180-aa8f-a5a46344cb5b,boost.software,resell,,,high,medium,5,"Spaceship, Inc.",30/07/2026 17:01,30/07/2027 17:01,29/09/2026 03:38
3f65df39-5d1f-47d3-9bd7-16b4429c7a58,tents.software,available,10.55,33.32,medium,low,5,spaceship,,,29/09/2026 16:28
c19a6726-d947-44af-b2ee-aec1cb06cb45,victorious.software,available,11.98,56.98,high,low,10,namecheap,,,13/09/2026 05:28
a5410153-49c5-43a9-a129-25240a864669,anaglyphic.software,available,11.98,56.98,medium,low,10,namecheap,,,
e3ddab9e-ff4d-4f63-93ea-ebcf23b7c5c9,socioeconomic.software,available,20.99,41.99,medium,low,13,namesilo,,,16/09/2026 12:07
89716e1c-d7d0-4231-861a-de2f34f9e8b6,frenzy.software,available,20.99,41.99,high,low,6,namesilo,,,24/09/2026 21:40
c0a55199-402c-4de1-aa10-27aca79573dc,hebridean.software,available,11.98,56.98,medium,low,9,namecheap,,,21/08/2026 05:45
544dfba6-0357-4a38-af67-208b286e89a6,biggish.software,available,11.98,56.98,medium,low,7,namecheap,,,09/08/2026 20:33
7c6396af-4c7d-425a-a527-93c8c0c66c72,dingdong.software,available,11.98,56.98,high,low,8,namecheap,,,14/09/2026 12:47
c8107805-72d0-41cc-b68b-a54884f5ae88,fears.software,available,11.98,56.98,medium,low,5,namecheap,,,27/09/2026 08:58
595b7122-be4a-443e-8d8d-636d6079c5d1,wishful.software,available,11.98,56.98,medium,low,7,namecheap,,,07/08/2026 05:07
a842cac9-5af1-497d-8968-e8f40804a7b6,muggy.software,available,11.98,56.98,medium,low,5,namecheap,,,03/09/2026 10:31
b9ffa573-9ced-4199-9217-004a31ec635f,guiding.software,available,11.98,56.98,high,low,7,namecheap,,,14/08/2026 08:49
86151396-7d64-4d0a-8c33-334a9fa091ba,hunan.software,available,10.55,33.32,medium,low,5,spaceship,,,28/09/2026 10:07
af523d96-d3eb-4d7e-84f0-254c429a6080,savannah.software,available,20,,high,low,8,unstoppable,,,30/09/2026 02:47
50aee387-862c-486a-929c-36120842a9df,fraud.software,resell,,,high,low,5,"Spaceship, Inc.",29/12/2025 19:59,29/12/2026 19:59,27/09/2026 07:55
bd998c6b-2fa1-4c95-b1bd-16e6e05c9a77,counselling.software,available,20.99,41.99,high,low,11,namesilo,,,17/09/2026 12:13
2b74b1b8-c0b2-4998-95b1-4a8a26d0ee47,protrude.software,available,11.98,56.98,high,low,8,namecheap,,,08/09/2026 23:44
a231aa4e-c731-4628-9201-90b2bd6d3499,behemoth.software,available,20.99,41.99,high,low,8,namesilo,,,23/09/2026 03:24
53e13889-35a7-4f47-9235-87c31f611865,psychical.software,available,11.98,56.98,medium,low,9,namecheap,,,09/09/2026 05:07
0ee3032e-1bbb-4929-a03a-3072f3aeaca0,precursors.software,available,11.98,56.98,medium,low,10,namecheap,,,21/09/2026 00:35
8d5d6929-5a9b-4ee1-8071-adc207f06ba2,touching.software,available,11.98,56.98,high,low,8,namecheap,,,
9b6a4d57-69cd-4963-bf4b-bc61ef9288a5,amorphous.software,available,11.98,56.98,medium,low,9,namecheap,,,
5b5a4b90-1287-4ae0-a6ba-287ea49607d4,filter.software,available,29.99,50.99,high,low,6,name.com,,,25/09/2026 00:06
b9601ac2-a585-4800-abb9-ecf54f0d797a,lovingly.software,available,11.98,56.98,high,low,8,namecheap,,,14/09/2026 19:14
6ce02546-02e5-41c9-aea6-4f7733dca2cc,meeter.software,available,11.98,56.98,medium,low,6,namecheap,,,21/09/2026 01:27
554b94fc-ceb0-4b3b-9408-48672ed88b21,answered.software,available,20.99,41.99,high,low,8,namesilo,,,25/09/2026 16:54
972c032b-49c2-48c4-bed4-ca521d29d0fa,knowable.software,available,11.98,56.98,medium,low,8,namecheap,,,12/08/2026 15:50
98728bf2-3026-4a8a-ae73-41bfa7cc6d66,logo.software,premium,414.2,414.2,high,low,4,spaceship,,,28/09/2026 04:19
ac48aac4-9de8-4ef8-8fdf-2911936313ed,dresses.software,available,20.99,41.99,medium,low,7,namesilo,,,18/09/2026 07:11
a1c559c4-c933-4e8a-8145-8edbb15a5b10,astronomical.software,available,20,,high,low,12,unstoppable,,,29/09/2026 14:28
2658c0e6-3549-4981-8d73-dbaf3d96a49f,somerville.software,available,20.99,41.99,medium,low,10,namesilo,,,27/09/2026 01:44
d3bf35cc-30c0-4c44-94c8-51f38dda7984,drapes.software,available,20.99,41.99,high,low,6,namesilo,,,17/09/2026 07:49
e02df393-0ebd-4b61-9233-9742ca7a6b5d,smell.software,available,20.99,41.99,high,low,5,namesilo,,,27/09/2026 22:50
69bf6f89-6bf5-4ecd-bc28-85af730be462,railways.software,available,20.99,41.99,medium,low,8,namesilo,,,18/09/2026 22:58
29f30dfd-e56f-4983-9e66-3acd78a1e5ff,baldy.software,available,20.99,41.99,medium,low,5,namesilo,,,21/09/2026 21:43
c3623166-5480-4ce6-ab6e-1b5fad77b3bb,galaxy.software,resell,,,high,medium,6,"GoDaddy.com, LLC",23/07/2021 16:03,23/07/2027 16:03,29/09/2026 02:00
a7dff1de-afe5-42c6-a02c-0a4f2b3bb6a3,albizzia.software,available,20.99,41.99,medium,low,8,namesilo,,,18/09/2026 03:00
83a91c90-7f77-4cad-9159-38934e86bd9d,merging.software,available,11.98,56.98,high,low,7,namecheap,,,24/08/2026 20:43
8c5b4c6b-5a0a-4e96-ac7d-0ad0df131e95,starkers.software,available,11.98,56.98,low,low,8,namecheap,,,10/09/2026 18:51
bd23d2d3-d228-4e9d-b2f6-44edb457d9b5,pomegranates.software,available,20.99,41.99,medium,low,12,namesilo,,,20/09/2026 01:42
ba11876d-42b3-4c4a-ab9f-30e733221e9e,jumbled.software,available,11.98,56.98,medium,low,7,namecheap,,,21/08/2026 08:39
73cd8d9a-7d7e-4e90-bb7e-89595fd9cfdb,palmerston.software,available,10.55,33.32,medium,low,10,spaceship,,,28/09/2026 16:40
357d2964-3738-4e38-839b-750cd5632f88,locke.software,available,20.99,41.99,high,low,5,namesilo,,,25/09/2026 08:02
bdbd27a3-6636-459c-b766-989fa5fe2bd2,proverb.software,available,20.99,41.99,high,low,7,namesilo,,,17/09/2026 06:07
e0a6fedd-a444-43b8-b660-92b47f8d6091,ethics.software,available,20.99,41.99,high,low,6,namesilo,,,28/09/2026 05:38
a7636028-967b-4516-82c7-2b6d78c5452e,maternity.software,available,10.55,33.32,high,low,9,spaceship,,,28/09/2026 19:52
a4fc05ae-69bc-4fc1-9e8a-23d0dbc42663,diplomatic.software,available,20.99,41.99,high,low,10,namesilo,,,24/09/2026 10:36
2854ad67-7687-4f17-bbc1-cef7880ef8b7,teensy.software,available,11.98,56.98,high,low,6,namecheap,,,10/08/2026 08:01
6d3038ea-0964-425f-9d83-a4e17c1fa6ad,orthoptic.software,available,11.98,56.98,medium,low,9,namecheap,,,04/09/2026 18:06
88c12d95-b03f-4a84-a5e4-68ceae6d9d91,analecta.software,available,20.99,41.99,medium,low,8,namesilo,,,19/09/2026 01:47
c9f4383e-625e-4271-adf7-32eb11ad8344,rime.software,available,11.98,56.98,high,low,4,namecheap,,,21/08/2026 10:08
dea04e6c-a17d-4900-91a7-a26aa64a12a4,perforation.software,available,19.99,,high,low,11,name.com,,,
d01e0459-524a-4224-a019-a6c04c3b4fa1,benne.software,available,20.99,41.99,medium,low,5,namesilo,,,23/09/2026 08:27
f8968e65-3874-4663-b0c7-58f9c796eae3,candidates.software,available,32.2,32.2,medium,low,10,cloudflare,,,28/09/2026 17:58
f10963dc-fe3c-41e5-80a3-7ea9f7d3cd1b,introductory.software,available,19.99,,high,low,12,name.com,,,
5c99b0e7-9e30-426a-b383-8fe645f8ed72,warning.software,available,11.98,56.98,high,low,7,namecheap,,,13/09/2026 08:25
dc3c5044-0675-4aae-8851-1af234745ad9,bagasse.software,available,11.98,56.98,medium,low,7,namecheap,,,21/09/2026 17:47
98dca547-5924-43f5-b9ae-6020c43e4b47,sabbatical.software,available,11.98,56.98,high,low,10,namecheap,,,09/09/2026 20:30
ab4d712e-014a-4b8a-b90d-e8cc9e5e1084,amoeba.software,available,20.99,41.99,medium,low,6,namesilo,,,18/09/2026 17:41
182ef4ef-c89e-4aea-ac4d-1903b98b45b1,shrewdly.software,available,11.98,56.98,medium,low,8,namecheap,,,13/09/2026 22:22
9d451fe3-130e-4fec-b0c4-c98469112bf2,hagerstown.software,available,20,,medium,low,10,unstoppable,,,29/09/2026 19:06
382576fd-2eab-4cfc-ac63-5aff0cc73d75,foods.software,available,32.2,32.2,medium,low,5,cloudflare,,,28/09/2026 22:58
f12c0db9-12fd-4786-aeaf-d3532f6dc546,turbulent.software,available,11.98,56.98,medium,low,9,namecheap,,,14/08/2026 12:26
5307cb48-eabd-4a7b-a2e6-5884881d6e81,xenon.software,available,20.99,41.99,high,low,5,namesilo,,,20/09/2026 23:13
2a1beea2-cfa6-4646-a2d9-fc36a7cb42af,outside.software,available,20.99,41.99,high,low,7,namesilo,,,21/09/2026 23:49
1072e68a-55f4-444a-85d6-c3828b210e77,brambly.software,available,11.98,56.98,medium,low,7,namecheap,,,11/08/2026 01:59
68cf7135-88c3-44d5-8aac-f73db8b4aceb,funky.software,available,11.98,56.98,high,low,5,namecheap,,,18/08/2026 02:27
86c88a76-c339-4ee8-9da4-5772b9ffe8e5,subjective.software,available,20.99,41.99,high,low,10,namesilo,,,25/09/2026 07:50
cbdb4e50-6a15-48e3-8690-2db0e3ed257d,bari.software,available,20.99,41.99,high,low,4,namesilo,,,22/09/2026 05:51
8be3c455-1d4c-4089-a64b-817326547d1e,xiv.software,available,20.99,41.99,high,low,3,namesilo,,,21/09/2026 11:42
f411f4ea-6745-459a-817e-b2d32f3d953c,devout.software,available,11.98,56.98,high,low,6,namecheap,,,14/08/2026 05:17
450f85b7-bafc-4e97-9cc2-8b27121309db,comp.software,premium,520,520,high,low,4,namecheap,,,23/09/2026 17:59
b1c33057-c7b1-4ffa-a375-793aeeaaac00,fiend.software,available,11.98,56.98,high,low,5,namecheap,,,17/08/2026 21:54
46c1b513-2433-4a53-802e-36fdfd1cdba4,aunts.software,available,20.99,41.99,medium,low,5,namesilo,,,18/09/2026 15:51
3076b127-bf64-4e34-9555-6c831665e8c9,fascism.software,available,11.99,69.99,medium,low,7,godaddy,,,30/09/2026 01:35
76ace70a-f21b-429c-9651-b32096ded7be,psa.software,premium,118.8,118.8,high,low,3,namesilo,,,28/09/2026 06:38
1e478825-3edd-4cbc-8888-d14d49b99864,apogamy.software,available,11.98,56.98,medium,low,7,namecheap,,,19/09/2026 18:27
36d893c9-7c66-497c-a110-49f1d3e82781,reposeful.software,available,11.98,56.98,medium,low,9,namecheap,,,09/09/2026 13:28
49fba0a4-3075-4f2d-a857-c264a9103cd0,merchandise.software,available,10.55,33.32,high,low,11,spaceship,,,28/09/2026 03:28
072f25e0-b5ef-4856-832b-8703a91c33d5,behring.software,available,11.98,56.98,high,low,7,namecheap,,,23/09/2026 04:03
525e9593-99b5-4db3-a7a9-b8f552f7c3fb,fights.software,available,20.99,41.99,medium,low,6,namesilo,,,20/09/2026 00:14
721c6641-0341-4d70-90b1-97c49a51a431,cervical.software,available,11.98,56.98,high,low,8,namecheap,,,12/08/2026 00:58
4c69add8-3790-4657-aeb3-37221cff4d55,afrl.software,available,20.99,41.99,medium,low,4,namesilo,,,17/09/2026 15:27
2b55a979-6541-450d-be3b-fd5adedf8e34,narration.software,available,11.98,56.98,high,low,9,namecheap,,,03/09/2026 13:18
f2faf478-9fa0-4ac8-9f4e-0b910b5213c3,advances.software,available,20,,medium,low,8,unstoppable,,,28/09/2026 23:36
c8b8c3f4-5217-4387-81bc-6558b96c9eb6,aloof.software,available,11.98,56.98,medium,low,5,namecheap,,,
24fb9321-9839-4c16-b801-4cfb9828d2b6,quieter.software,available,19.99,,high,low,7,name.com,,,
c8529de2-900d-4f46-ad59-ebf751279b36,maricopa.software,available,32.2,32.2,high,low,8,cloudflare,,,29/09/2026 13:23
38a8f422-4244-4d97-b73d-abd64cf0c209,pauli.software,available,20.99,41.99,high,low,5,namesilo,,,29/09/2026 07:50
6cc45aa0-3852-435a-a03b-526aab024387,humanitarian.software,available,15.96,33.47,high,low,12,porkbun,,,28/09/2026 21:16
8236ef61-a849-488a-ba0e-e01d3d78e626,parisian.software,available,11.98,56.98,high,low,8,namecheap,,,08/09/2026 01:34
bc584c6b-4c61-4715-bacf-26e1ba9b728c,infancy.software,available,20.99,41.99,high,low,7,namesilo,,,21/09/2026 13:47
69f4124c-a379-4788-aa1d-9a2c8e6ebd85,badmouth.software,available,11.98,56.98,medium,low,8,namecheap,,,24/08/2026 14:04
51463374-07d4-46ec-8ed6-fa44a5a4c1f6,pager.software,available,20.99,41.99,high,low,5,namesilo,,,23/09/2026 01:32
fac42809-7743-46c7-8a78-ed2ff77ed93f,lighten.software,available,19.99,,high,low,7,name.com,,,
13c26a06-3ae9-4e7c-b8e3-14999b7f2fda,marvel.software,available,19.99,,high,low,6,name.com,,,
2a4cdd20-1d42-4a65-b2f4-6527627e68d7,guided.software,available,11.98,56.98,high,low,6,namecheap,,,20/08/2026 20:47
99331085-2e88-4d36-8c4f-b75920aab631,tashkent.software,available,20.99,41.99,high,low,8,namesilo,,,24/09/2026 12:32
f6706de2-2dc8-4e73-8f87-c80282ddc750,abo.software,available,11.98,56.98,high,low,3,namecheap,,,
9a29eb69-cf91-404e-b6d5-8b83587a7c0a,binding.software,available,11.98,56.98,high,low,7,namecheap,,,22/09/2026 20:51
9a43c924-2804-44fe-af35-67f6ce931e32,dowdy.software,available,11.98,56.98,medium,low,5,namecheap,,,14/08/2026 17:09
c78e000d-1ae0-4cae-aa2d-cc4148252732,earliest.software,available,20.99,41.99,high,low,8,namesilo,,,24/09/2026 12:55
938196ec-fe3d-4b47-955c-2fe281e6b48c,cesium.software,available,20.99,41.99,medium,low,6,namesilo,,,20/09/2026 23:15
1f6801e5-32c5-4e1c-b84c-c3c3e8fb62bc,intrigued.software,available,10.55,33.32,medium,low,9,spaceship,,,30/09/2026 00:46
ac444e01-c3dd-4df5-92dc-3572f492399f,hasty.software,available,11.98,56.98,medium,low,5,namecheap,,,21/08/2026 01:15
fafe178d-2991-45a8-9735-9fd70fe3c8d3,tormented.software,available,11.98,56.98,medium,low,9,namecheap,,,
a0379161-5ce9-4c5c-ba3e-2bfa96fba963,caen.software,available,20.99,41.99,medium,low,4,namesilo,,,29/09/2026 09:32
aa4a8a4a-fc75-4c00-8b19-b062fa076ed6,viciously.software,available,11.98,56.98,medium,low,9,namecheap,,,14/09/2026 01:35
6da66914-1715-4f8c-a05b-af57a794d31f,marlborough.software,available,20.99,41.99,medium,low,11,namesilo,,,27/09/2026 01:35
d0470836-646f-4acb-bd9c-aa94391f1463,launching.software,available,20.99,41.99,high,low,9,namesilo,,,29/09/2026 00:37
30c150d8-cc23-47c4-a999-012e95d2f874,headteacher.software,available,19.99,,high,low,12,name.com,,,
9a8b6295-ae7a-45ac-a4ec-561fdf78e1b8,banneret.software,available,20.99,41.99,medium,low,8,namesilo,,,22/09/2026 02:54
4e5011e4-ef2d-4716-81db-2c0dcc233e54,arbitrary.software,available,11.98,56.98,high,low,9,namecheap,,,06/08/2026 12:54
bc1e7cfd-b9b9-4bd7-92be-222de69439d2,beardless.software,available,11.98,56.98,medium,low,9,namecheap,,,09/08/2026 04:43
468c45fe-c02f-4455-a296-ea110823c8a5,deafen.software,available,29.99,50.99,medium,low,6,name.com,,,13/08/2026 19:44
992e253a-e6e5-4247-8e58-7e626621b25f,iodized.software,available,11.98,56.98,medium,low,7,namecheap,,,22/08/2026 09:18
7f82587f-7177-4704-81b6-feae764eb902,susannah.software,available,20.99,41.99,medium,low,8,namesilo,,,29/09/2026 04:06
cfdb8d49-8377-48ed-b869-bfd2c27381b9,minutely.software,available,11.98,56.98,medium,low,8,namecheap,,,15/09/2026 15:04
58fd7d3c-d53a-4ec7-b589-7641db48d506,desperation.software,available,20.99,41.99,medium,low,11,namesilo,,,29/09/2026 15:57
5de1c735-cf97-4f55-b216-04e40fca0de1,lexically.software,available,11.98,56.98,medium,low,9,namecheap,,,15/09/2026 11:16
6e472c04-b5fc-4565-8dae-92ba08a3c780,hindu.software,premium,500,500,high,low,5,name.com,,,21/08/2026 09:30
c1db3e4f-e3a2-4ded-b493-1ea13d7fe7c1,bahia.software,available,20.99,41.99,medium,low,5,namesilo,,,27/09/2026 18:32
f54384ab-e987-4b86-946c-65a6e842750d,wilderness.software,available,20.99,41.99,high,low,10,namesilo,,,28/09/2026 15:33
bf78474c-3f88-49af-ad26-1716595fde2c,visualised.software,available,11.98,56.98,high,low,10,namecheap,,,17/08/2026 10:03
0c9076ac-fbb6-4465-967f-7522c0a859fc,filaria.software,available,20.99,41.99,medium,low,7,namesilo,,,18/09/2026 06:14
6fa17cd9-47cf-4a4e-ab5a-0f50c6b01af9,backstretch.software,available,19.99,,high,low,12,name.com,,,
30a7ea0a-1078-4816-a1db-83eea38c6916,currawong.software,available,20.99,41.99,medium,low,9,namesilo,,,23/09/2026 05:33
c772b49d-ae69-4194-a861-1a80fa6575d7,afterimage.software,available,20.99,41.99,high,low,10,namesilo,,,17/09/2026 15:42
9885b5fe-114a-460b-b27f-b84cfe5d0984,becomes.software,available,20.99,41.99,medium,low,7,namesilo,,,27/09/2026 10:31
712a63fb-ae2e-4c56-81ab-48fe7af057d5,heroes.software,available,20.99,41.99,high,low,6,namesilo,,,17/09/2026 22:48
ea102520-86d3-4acf-bf6f-8425c6b5ffef,wire.software,resell,,,high,low,4,Dynadot Inc,16/03/2026 17:06,16/03/2027 17:06,29/09/2026 05:42
4130c7de-d547-4574-a454-1fd726838203,speer.software,available,20.99,41.99,high,low,5,namesilo,,,18/09/2026 02:44
045ad10a-7fbd-490b-9a0d-fd1cca38fb0f,arng.software,available,20.99,41.99,medium,low,4,namesilo,,,20/09/2026 08:02
86bdb2b9-ae7d-475b-901d-ff6461d33d0c,lewes.software,available,10.55,33.32,medium,low,5,spaceship,,,28/09/2026 23:03
9193e8f8-f552-4291-ba8e-8e78bba87692,hostages.software,available,15.96,33.47,medium,low,8,porkbun,,,27/09/2026 11:30
6145fed8-6424-48e6-ad34-12d4910ba3ef,batavia.software,available,16.22,34.35,high,low,7,dynadot,,,27/09/2026 18:11
01fc7b9e-9185-454c-91dd-62ef594aa827,myself.software,available,20.99,41.99,high,low,6,namesilo,,,25/09/2026 12:53
d6bb1f4f-0a2c-407d-9419-f15146069e0a,scramble.software,available,20.99,41.99,high,low,8,namesilo,,,24/09/2026 15:13
16f8c834-20ef-4c79-9c32-4ebb49724f0c,ateles.software,available,11.98,56.98,medium,low,6,namecheap,,,20/09/2026 20:01
f53a28b4-068d-48a5-9c78-ba20c849a890,napped.software,available,11.98,56.98,medium,low,6,namecheap,,,18/08/2026 07:44
295360e3-fef3-477d-aa2e-f4ab0b042751,edentulous.software,available,11.98,56.98,medium,low,10,namecheap,,,15/08/2026 08:36
87c7da37-c774-4eef-a3f2-0a046860a90d,fragmental.software,available,11.98,56.98,medium,low,10,namecheap,,,18/08/2026 14:01
fce4a093-1ef4-4632-8956-2651e790e3d9,pun.software,available,20,,high,low,3,unstoppable,,,30/09/2026 02:27
1f1276ec-20ef-4ea2-ae04-4b581b5ffe8d,tracing.software,available,19.99,,high,low,7,name.com,,,
cb8a4307-5133-40e7-af0e-8839be0ea3ad,unlivable.software,available,11.98,56.98,medium,low,9,namecheap,,,12/09/2026 14:57
e2d97d07-d93e-4d66-881e-83cd074937be,thorne.software,available,10.55,33.32,medium,low,6,spaceship,,,27/09/2026 20:29
51d52514-83ca-43f4-9041-48fa367306bf,leslie.software,available,20.99,41.99,high,low,6,namesilo,,,25/09/2026 14:15
9a8332a2-af7d-41bc-ab9b-3c2ba382330e,sank.software,available,20.99,41.99,medium,low,4,namesilo,,,29/09/2026 16:38
468ee87d-2429-42c6-b2b9-f30d6f8851c0,chin.software,available,32.2,32.2,high,low,4,cloudflare,,,29/09/2026 08:41
26a3b542-c931-4a4e-9450-1c39ef53fc5d,intestate.software,available,11.98,56.98,medium,low,9,namecheap,,,22/08/2026 08:24
0fefcf09-f465-4580-a5cc-3c1b0c15278c,subhuman.software,available,11.98,56.98,medium,low,8,namecheap,,,10/09/2026 23:56
e15658a1-ebb0-4ea9-8fd5-4502526dff98,discreet.software,available,11.98,56.98,high,low,8,namecheap,,,12/08/2026 08:23
68bfa490-72dd-4668-a71f-277a757e3628,lexical.software,available,11.98,56.98,high,low,7,namecheap,,,23/08/2026 00:42
d687347c-23b1-4424-a8b5-6df161104214,smuggled.software,available,11.98,56.98,medium,low,8,namecheap,,,22/09/2026 21:31
ccb9dd66-a624-4f35-a1a0-97d344cae0a7,besieged.software,available,11.98,56.98,low,low,8,namecheap,,,09/08/2026 15:25
02d5cea5-719e-41e5-b616-600ea2352041,apanage.software,available,20.99,41.99,medium,low,7,namesilo,,,19/09/2026 16:12
21166c21-dcf3-4690-99de-cc9e5b2d2e4f,saratoga.software,available,20.99,41.99,high,low,8,namesilo,,,21/09/2026 04:45
aa40ba8a-c2cd-4a6c-b883-81e8486dce75,antalya.software,available,20.99,41.99,high,low,7,namesilo,,,17/09/2026 06:10
ba4cc67c-1d2d-43cd-91e9-5d89baa76da8,unclean.software,available,11.98,56.98,medium,low,7,namecheap,,,14/08/2026 09:12
e9cc9d6e-f8e3-4db7-ba32-a20e7a7572ca,senseless.software,available,11.98,56.98,medium,low,9,namecheap,,,03/09/2026 17:48
3f4873bd-faed-467f-b928-231e0f46b315,guitar.software,premium,500,,high,low,6,name.com,,,29/09/2026 21:44
7d9d7636-d3c4-40cf-97fd-460d0417745f,moneron.software,available,11.98,56.98,medium,low,7,namecheap,,,25/08/2026 04:30
fb6c63c8-9cc8-4354-9c42-b02c4ab177ea,voluptuous.software,available,11.98,56.98,high,low,10,namecheap,,,10/08/2026 20:39
42182672-43f5-4c93-93ad-73b912874c61,geeks.software,premium,118.8,118.8,high,low,5,namesilo,,,17/09/2026 16:02
e87a6739-6263-4c42-9c87-81fd79736857,blithesome.software,available,11.98,56.98,medium,low,10,namecheap,,,10/08/2026 14:39
bdc5fd50-e769-4245-9c1c-434c8d124d8c,genoese.software,available,11.98,56.98,high,low,7,namecheap,,,18/08/2026 21:48
601cca60-4da7-4182-b923-ad7608647d25,marta.software,available,15.96,33.47,high,low,5,porkbun,,,27/09/2026 17:44
305b1a84-4d8a-4d83-84e5-98eebc023af2,nutty.software,available,11.98,56.98,high,low,5,namecheap,,,06/08/2026 21:27
457c33cd-9a24-4064-8f29-1b1cb141a37f,chores.software,available,16.22,34.35,medium,low,6,dynadot,,,29/09/2026 17:46
d537a218-4cc4-4fd7-96ae-0727fea83ede,brassy.software,available,11.98,56.98,medium,low,6,namecheap,,,11/08/2026 02:33
533cdc09-c167-4833-9b81-700939e76eea,creator.software,resell,,,high,medium,7,"Sav.com, LLC - 29",16/02/2026 15:15,16/02/2027 15:15,26/09/2026 05:19
84a4f0a9-88b5-465f-b022-298e33ea8198,cases.software,available,20.99,41.99,medium,low,5,namesilo,,,17/09/2026 16:31
94d64a07-9a10-4d33-803f-a2fdd770b909,parsimony.software,available,11.98,56.98,medium,low,9,namecheap,,,08/09/2026 14:39
6b6c3b8d-d83a-4151-9f3a-f2a532d4cbd7,devalued.software,available,11.98,56.98,medium,low,8,namecheap,,,14/08/2026 05:02
9d42d726-f904-4cf9-addf-504deb574d4b,barb.software,available,20.99,41.99,high,low,4,namesilo,,,22/09/2026 04:14
0ac25ae9-4243-4a7f-a0ef-d808635916dc,lid.software,available,20.99,41.99,high,low,3,namesilo,,,24/09/2026 13:43
0a883ce3-732c-4e9d-8957-bafe95b6e7e1,pyle.software,available,10.55,33.32,medium,low,4,spaceship,,,29/09/2026 07:17
4dbce8eb-e872-480c-ae35-2223ba1524d3,snowballs.software,available,20.99,41.99,medium,low,9,namesilo,,,19/09/2026 21:49
2622d274-95ca-41a3-a966-9e59d2828232,nuevo.software,available,20.99,41.99,high,low,5,namesilo,,,28/09/2026 04:18
d47bfcea-8602-474c-8c0c-3ffae34b6a2b,bioethics.software,available,11.98,56.98,high,low,9,namecheap,,,23/09/2026 17:56
17c6ce74-ae33-44ed-8b5c-cda21c0f8720,alabaman.software,available,20.99,41.99,medium,low,8,namesilo,,,18/09/2026 01:35
7436f931-73d1-4f2c-84de-a233b33aece2,soldiers.software,available,19.99,,medium,low,8,name.com,,,
ba2d471b-52a9-46ab-a066-406d5fd98a47,bairn.software,available,11.98,56.98,high,low,5,namecheap,,,21/09/2026 19:31
271cda40-9e48-4ecb-8e3b-7e86b6203c58,patton.software,available,11.98,56.98,high,low,6,namecheap,,,25/09/2026 16:06
6fa210a8-3db6-4371-a05f-cb0b4ac2d74b,inviolate.software,available,11.98,56.98,medium,low,9,namecheap,,,22/08/2026 09:06
8265f6a2-3287-4634-9fd2-387eec4cb65b,breast.software,available,20.99,41.99,high,low,6,namesilo,,,24/09/2026 08:29
f3b16aac-f811-4097-b45e-7f49a9fd3646,maritime.software,available,11.98,56.98,high,low,8,namecheap,,,24/08/2026 16:00
fc3cba0e-b26a-4020-ad6e-ed7b100d9af9,felony.software,available,10.55,33.32,medium,low,6,spaceship,,,28/09/2026 09:45
a4e7fed8-8f9c-4c76-85cd-db0e49a8ff60,sporting.software,available,11.98,56.98,high,low,8,namecheap,,,09/08/2026 18:15
ed53239b-1ad9-4fdc-b502-d9b54d84fae7,miao.software,available,11.98,56.98,high,low,4,namecheap,,,21/08/2026 10:03
9e72821d-761a-4112-a552-cde925ad9416,whammy.software,available,11.98,56.98,medium,low,6,namecheap,,,21/08/2026 07:39
b56cb746-a9a8-433b-b9d8-7beccf59e820,bushes.software,available,10.55,33.32,medium,low,6,spaceship,,,28/09/2026 23:23
d9237a4f-ac2a-43d0-8675-2bd18a71c8c9,muslim.software,premium,750,750,high,medium,6,name.com,,,22/08/2026 10:45
cfaa6eb4-7863-430e-944f-c3b40cb1c18b,dioxide.software,available,20,,high,low,7,unstoppable,,,29/09/2026 18:39
efc449ed-b9e1-4460-8e27-baa01ebb1a39,striation.software,available,11.98,56.98,medium,low,9,namecheap,,,22/09/2026 01:19
7ed41948-9f4d-4f70-8b8b-a1ad9b10541f,planless.software,available,11.98,56.98,medium,low,8,namecheap,,,
811ca301-9af1-461e-a1ed-3a43c4a89426,mechanical.software,premium,512,512,high,low,10,namesilo,,,25/09/2026 18:43
54b27811-c4d3-4a1a-b65c-f985c49be937,yoga.software,premium,242,242,high,low,4,namesilo,,,28/09/2026 06:53
5c6e04c5-09b6-417f-8b0d-5e7ea1951c03,glitter.software,available,10.55,33.32,high,low,7,spaceship,,,29/09/2026 11:42
982715a1-8825-41ee-83f4-8cd274937ff6,sentential.software,available,11.98,56.98,medium,low,10,namecheap,,,10/09/2026 03:50
76cd3e65-6d31-447e-bf9d-abbf226f48a0,millionaire.software,available,10.55,33.32,high,low,11,spaceship,,,28/09/2026 07:04
0f94caa9-5b86-423a-9637-7a2191fd0077,passes.software,available,11.98,56.98,medium,low,6,namecheap,,,27/09/2026 02:49
e9150a9b-3ad0-4add-91cb-61caf9e9c0eb,whiskered.software,available,11.98,56.98,medium,low,9,namecheap,,,08/08/2026 16:15
4f9845a9-2ff0-4caa-a039-f8875b99b4ea,ideally.software,available,16.22,34.35,high,low,7,dynadot,,,28/09/2026 15:16
3ab07058-6649-4b50-bfad-b666a4fb9b3c,passe.software,available,11.98,56.98,medium,low,5,namecheap,,,14/08/2026 01:17
a6fa6e78-db9e-44c8-95f5-d7f88753d9ce,stabilization.software,available,20.99,41.99,medium,low,13,namesilo,,,17/09/2026 17:23
510c268a-9b51-4655-af68-22034f61dd93,stakeholder.software,available,10.55,33.32,high,low,11,spaceship,,,29/09/2026 08:31
706e8589-91f1-4d8b-a31b-da711bd633fb,expanded.software,available,11.98,56.98,high,low,8,namecheap,,,17/08/2026 17:57
0f055ea6-51e2-4594-b1b0-b05a8a5c66fe,belike.software,available,11.98,56.98,medium,low,7,namecheap,,,04/09/2026 04:45
bd40fdd4-a38f-41c9-b0ea-233e3d3155a1,piping.software,available,11.98,56.98,medium,low,6,namecheap,,,10/09/2026 19:43
cd46a0af-19c0-4453-9174-689ee656d33a,tornadoes.software,available,20.99,41.99,medium,low,9,namesilo,,,16/09/2026 14:14
64ddeb78-c14f-4612-83fc-fd8595ee57ea,unfretted.software,available,11.98,56.98,medium,low,9,namecheap,,,12/09/2026 10:45
7d348972-05b3-4a30-b67e-cf57e3b286fd,pointing.software,available,11.98,56.98,high,low,8,namecheap,,,27/09/2026 08:31
808d6dd1-5029-44df-bd86-a000a5bee366,shackled.software,available,11.98,56.98,medium,low,8,namecheap,,,18/08/2026 02:56
b4ef595b-58f4-45e0-a3fe-ed6dda840219,accidentally.software,available,20.99,41.99,medium,low,12,namesilo,,,28/09/2026 03:20
602251ca-1d3a-46b4-be2f-076e7dcc57d6,ounces.software,available,20.99,41.99,medium,low,6,namesilo,,,16/09/2026 11:16
d9fe7920-539f-4f7f-a63b-61398319cdc9,confirms.software,available,16.22,34.35,medium,low,8,dynadot,,,29/09/2026 05:49
5d8e9d30-e6bb-4311-b0c3-414e9766873c,annapolis.software,available,20.99,41.99,medium,low,9,namesilo,,,19/09/2026 10:10
57537cce-8740-4978-9961-f28685f913c4,dyed.software,available,11.98,56.98,high,low,4,namecheap,,,14/08/2026 21:54
a20e1b49-b290-41f8-8f54-590554fab2e0,eared.software,available,11.98,56.98,medium,low,5,namecheap,,,14/08/2026 14:39
30b0faea-8796-4a9b-82f1-aba74c610db9,topic.software,available,20,,high,low,5,unstoppable,,,28/09/2026 01:44
63041328-b1e7-41b6-b425-d097179b097c,majority.software,available,16.22,34.35,high,low,8,dynadot,,,28/09/2026 17:11
03ad811c-c1b5-4e70-8c33-b9e1d1c76421,parameters.software,available,16.22,34.35,medium,low,10,dynadot,,,30/09/2026 00:21
71795b67-2001-436c-976e-8fd4711f20c8,palatine.software,available,11.98,56.98,medium,low,8,namecheap,,,04/09/2026 23:20
c26cec2d-dc55-49c4-9192-fbf72b323690,ayrshire.software,available,20.99,41.99,high,low,8,namesilo,,,21/09/2026 10:44
f466e8ba-39d5-47f4-ab4c-75352cfa9a3f,artery.software,available,11.98,56.98,high,low,6,namecheap,,,20/09/2026 10:30
d8cc9529-3f1e-4144-9aeb-34b06d808263,biology.software,available,11.98,56.98,high,low,7,namecheap,,,28/09/2026 06:51
a4417ed8-9933-461a-8d25-878732c240f3,impartial.software,available,11.98,56.98,high,low,9,namecheap,,,21/08/2026 21:45
a3f2a3ec-58d0-4ada-832c-5795fd2ab05d,spinoza.software,available,20.99,41.99,high,low,7,namesilo,,,22/09/2026 09:34
ff41fe8a-9b16-49a8-9d6d-12d945c4bf69,darmstadt.software,available,11.98,56.98,medium,low,9,namecheap,,,28/09/2026 22:04
7871a204-7c6f-484c-ba1a-b5bf4c4d905c,agatha.software,available,16.22,34.35,high,low,6,dynadot,,,28/09/2026 12:02
d0767e5c-eb0e-406a-a732-620bd57e68bd,argali.software,available,20.99,41.99,medium,low,6,namesilo,,,20/09/2026 04:09
c0ab94f4-bf9c-4d61-8e4e-1bc7549a6391,impostor.software,available,11.98,56.98,medium,low,8,namecheap,,,09/09/2026 04:59
6c19a930-985a-42c8-a70a-3ea87055611d,control.software,premium,768,768,high,low,7,namesilo,,,29/09/2026 08:38
80824f11-9e9b-4978-8043-a3a25c281de2,necrotic.software,available,11.98,56.98,medium,low,8,namecheap,,,03/09/2026 14:45
3fbef328-32d0-4469-8502-d8b0b80144fe,positional.software,available,11.98,56.98,medium,low,10,namecheap,,,09/09/2026 00:06
bd4f25ca-e0a1-4f70-82f7-b197d9fb40d9,guys.software,available,19.99,,high,low,4,name.com,,,
d835ac30-24e9-4706-a857-8173e972ab14,fractious.software,available,11.98,56.98,medium,low,9,namecheap,,,18/08/2026 13:53
1eb9b4a5-60f5-4398-9ca0-648903b55c53,reverie.software,available,20.99,41.99,high,low,7,namesilo,,,17/09/2026 21:59
ef8bd55f-f322-40bd-8366-fd0de4a38038,punch.software,available,11.98,56.98,high,low,5,namecheap,,,27/09/2026 03:37
4bcfbf78-8459-4d03-83f3-763113235ba2,seldom.software,available,11.98,56.98,high,low,6,namecheap,,,15/09/2026 22:34
6d3462e0-aff2-47c4-8eb4-c0efb015038c,pizza.software,premium,414.2,414.2,high,medium,5,spaceship,,,28/09/2026 04:34
57d0c706-589e-45c2-a0f2-7baecf737264,tucson.software,available,10.55,33.32,high,low,6,spaceship,,,29/09/2026 02:22
628c282f-8b9a-43b2-b0ec-c4e8484f0d7f,process.software,premium,512,512,high,low,7,namesilo,,,28/09/2026 08:33
97dd6b4a-5773-4895-af84-e8f4f5c2366c,vulpine.software,available,11.98,56.98,medium,low,7,namecheap,,,13/09/2026 07:26
b08b646d-e9d5-4e51-85ba-3f23ff39cd92,interred.software,available,11.98,56.98,medium,low,8,namecheap,,,11/08/2026 10:36
1596d3e8-b4c5-44a6-8046-6013c299a115,obnubilate.software,available,11.98,56.98,low,low,10,namecheap,,,03/09/2026 23:55
b68d24d5-ae3e-432c-b72f-98d496f2a17f,whipped.software,available,20,,medium,low,7,unstoppable,,,28/09/2026 21:21
69e079a2-63a4-4015-bba3-021ef0488f2d,nine.software,premium,512,512,high,low,4,namesilo,,,21/09/2026 13:23
07c0f629-adb1-4e78-bdbb-78ee90b18d2f,mottled.software,available,29.99,50.99,medium,low,7,name.com,,,13/08/2026 17:41
f823e308-7d0a-497e-b352-6464f4a4830e,emmy.software,available,20,,high,low,4,unstoppable,,,29/09/2026 06:46
4e95e4e2-adf3-493b-b7dd-03ebaa3e18dc,bellows.software,available,20.99,41.99,high,low,7,namesilo,,,23/09/2026 06:26
c5763ac4-346f-4b60-8734-3c1676ea26ea,webmasters.software,available,11.98,56.98,medium,low,10,namecheap,,,18/09/2026 23:06
bb54744d-8fd6-48de-aec1-7d30df36438e,zymoid.software,available,11.98,56.98,medium,low,6,namecheap,,,13/09/2026 15:55
c54cf155-c585-4643-9006-dd9d157244e2,ecological.software,premium,200.5,260,high,low,10,unstoppable,,,29/09/2026 21:02
58f85f5c-922f-4f5b-9916-51c42be718ba,smear.software,available,10.55,33.32,high,low,5,spaceship,,,29/09/2026 18:01
2867b464-4b84-4515-aecf-c7e16ce47ad3,junky.software,available,20.99,41.99,medium,low,5,namesilo,,,17/09/2026 06:52
db7b8fca-ccd6-4c63-80fe-db3821f4a0bf,diligently.software,available,11.98,56.98,high,low,10,namecheap,,,14/09/2026 12:40
c420c1f7-f3b1-4a85-a856-582093b39333,disuse.software,available,20.99,41.99,high,low,6,namesilo,,,24/09/2026 23:14
1ca458f0-6a9b-424c-9391-c72d0ba0b6ef,asynergy.software,available,11.98,56.98,medium,low,8,namecheap,,,20/09/2026 18:52
4db7ce50-6aab-4e24-b3c9-0c32f5fc9a1f,cortland.software,available,20.99,41.99,medium,low,8,namesilo,,,30/09/2026 01:07
4b1f2c30-41e4-4532-867a-d5b31cd18361,altruism.software,available,20.99,41.99,high,low,8,namesilo,,,28/09/2026 20:45
c038ead9-f5aa-4aeb-ad91-729168400aab,petrograd.software,available,16.22,34.35,medium,low,9,dynadot,,,29/09/2026 01:34
ed98c368-a20a-464c-b1ce-b7b7cbe2f051,tunes.software,available,32.2,32.2,medium,low,5,cloudflare,,,28/09/2026 18:03
eea8478e-b38c-4c79-9fb8-82a3b5ee7b81,london.software,premium,512,512,high,medium,6,namesilo,,,29/09/2026 04:25
2b177f05-007b-40c1-ab29-77d63021b374,danish.software,available,29.99,50.99,high,low,6,name.com,,,13/08/2026 17:19
afed1326-c4cf-432a-b1da-27ecc41860af,unhuman.software,available,11.98,56.98,medium,low,7,namecheap,,,14/08/2026 00:04
e298edd9-ee37-4001-a184-f6c91ad9fa54,suitably.software,available,11.98,56.98,medium,low,8,namecheap,,,13/09/2026 20:30
3f8aad93-7d2e-481e-a603-9f41dc21fad3,oblate.software,available,11.98,56.98,medium,low,6,namecheap,,,03/09/2026 23:35
2bcfb1d6-02eb-4b30-81ea-f38e6e617811,slater.software,available,20.99,41.99,medium,low,6,namesilo,,,28/09/2026 10:57
8d7175ac-751d-442a-a306-8c01e39130f9,soothing.software,available,11.98,56.98,high,low,8,namecheap,,,07/08/2026 07:40
1d8b187c-9962-4fa9-8887-2126aa71bd77,stitches.software,available,19.99,,medium,low,8,name.com,,,
ea2625b9-2c0d-407e-8fa3-c3560c904c40,enlightened.software,available,32.2,32.2,high,low,11,cloudflare,,,29/09/2026 20:59
e506e6d7-70c4-4f88-955a-53d6601f0fa4,unrigged.software,available,11.98,56.98,medium,low,8,namecheap,,,12/09/2026 18:28
af593bc6-9e82-439b-8941-365aa0118ba3,swagger.software,available,11.98,56.98,high,low,7,namecheap,,,11/09/2026 04:59
44d26cf1-57f2-4ab2-80c7-40be3b503472,stacy.software,available,32.2,32.2,high,low,5,cloudflare,,,28/09/2026 07:44
a4e11236-65b0-42bd-9e58-c457571d4b5b,pronounced.software,available,20.99,41.99,high,low,10,namesilo,,,25/09/2026 16:53
3da8790d-8b44-4ae9-8ffc-f0c83abd2c72,exuberant.software,available,11.98,56.98,high,low,9,namecheap,,,14/08/2026 23:21
956e1fd2-0ef6-435b-98f7-250500437b80,enrolled.software,available,20.99,41.99,medium,low,8,namesilo,,,29/09/2026 10:33
fc073dd0-fa5e-41ef-a2c9-d93dbf904fdd,contrasty.software,available,11.98,56.98,medium,low,9,namecheap,,,12/08/2026 23:32
5048655c-3e7c-48a7-a7fa-278d6ce8fbdc,unsung.software,available,11.98,56.98,medium,low,6,namecheap,,,12/09/2026 20:49
f261ecc1-5c8f-4a9c-8c90-adafb38463b3,aftertaste.software,available,20.99,41.99,high,low,10,namesilo,,,17/09/2026 15:52
3757f5fb-2eeb-4f14-b4b5-98078d718bd2,slew.software,available,11.98,56.98,high,low,4,namecheap,,,25/08/2026 00:42
b68e9543-e830-4961-8b62-967236407ea3,closed.software,available,11.98,56.98,high,low,6,namecheap,,,12/08/2026 12:15
98c9060d-0cfe-464e-bd3f-2c7e256c0108,auriga.software,available,20.99,41.99,medium,low,6,namesilo,,,21/09/2026 04:24
f9b4419d-f4f8-4140-a5d3-13d54f267e4c,admiralty.software,available,20.99,41.99,medium,low,9,namesilo,,,17/09/2026 08:53
8595ecdd-b3cb-4984-8abf-f8fd059aecc5,lothian.software,available,20,,high,low,7,unstoppable,,,30/09/2026 00:22
668dd876-3e92-43ee-b456-d012217e9fbf,analgesic.software,available,11.98,56.98,medium,low,9,namecheap,,,
112b21b7-a490-4e0b-90c5-fb921ee65161,remembers.software,available,10.55,33.32,medium,low,9,spaceship,,,28/09/2026 00:17
20697d2c-672a-4096-a803-ae445e7ca041,ferric.software,available,11.98,56.98,medium,low,6,namecheap,,,18/08/2026 02:07
b9f622da-db5b-4ab4-b268-cd65cd382923,initiation.software,available,32.2,32.2,high,low,10,cloudflare,,,29/09/2026 12:23
810fe2aa-7d78-40b0-b2bd-624038ece397,scorching.software,available,11.98,56.98,high,low,9,namecheap,,,09/09/2026 23:31
fe56543e-deed-47f1-9b84-5aacadfc9620,playaround.software,available,11.98,56.98,medium,low,11,namecheap,,,17/09/2026 06:03
dd390b1f-c96a-453e-ba41-f57e88078034,knees.software,available,20.99,41.99,medium,low,5,namesilo,,,17/09/2026 07:20
46c4a996-5c06-45e2-9667-638ede50d479,nett.software,available,11.98,56.98,medium,low,4,namecheap,,,03/09/2026 15:52
b35ff662-1ae6-47b9-b899-a8e368840c4d,lyrate.software,available,11.98,56.98,medium,low,6,namecheap,,,24/08/2026 12:39
e4d8ef67-ea2b-4052-84c6-e8f739bd9b47,butt.software,available,11.98,56.98,medium,low,4,namecheap,,,09/08/2026 10:40
5fffc47a-2059-486c-bfd1-a3bf75a38163,debbie.software,available,20.99,41.99,high,low,6,namesilo,,,27/09/2026 07:32
b82a837d-35b5-4c67-9f77-7a451cc71dc5,witnesses.software,available,11.98,56.98,medium,low,9,namecheap,,,25/09/2026 18:59
e0deed82-b307-4b8e-b618-ac3a71a32982,fecal.software,available,11.98,56.98,medium,low,5,namecheap,,,17/08/2026 20:38
a0785ec9-992b-47d2-b7f6-95fb81200617,osseous.software,available,11.98,56.98,medium,low,7,namecheap,,,04/09/2026 18:18
f25b3933-3f95-4b23-bcf9-5dd4bbad8ea1,parentally.software,available,11.98,56.98,medium,low,10,namecheap,,,15/09/2026 18:57
0e505df3-989e-4754-95fa-4e0d6f9d158a,prudently.software,available,11.98,56.98,medium,low,9,namecheap,,,15/09/2026 21:50
f7c785b6-5283-48ca-8fac-a53d3c1af5e7,catharsis.software,available,20.99,41.99,high,low,9,namesilo,,,16/09/2026 17:03
c879e60e-afde-4e5e-84fd-7c3a3be35800,luculent.software,available,11.98,56.98,medium,low,8,namecheap,,,24/08/2026 10:52
c091349a-4146-4648-932e-627358676701,linking.software,available,10.55,33.32,high,low,7,spaceship,,,29/09/2026 08:52
2cdb6d78-1eed-4621-95fa-8a0dd72de9da,lavoisier.software,available,20.99,41.99,medium,low,9,namesilo,,,19/09/2026 15:25
89a5e7c1-8e74-4e4f-a3bd-64edf6197fff,palo.software,available,20.99,41.99,medium,low,4,namesilo,,,27/09/2026 01:51
f68a136f-e6bd-41cb-a0e8-2e63c01e0efa,gayal.software,available,20.99,41.99,medium,low,5,namesilo,,,23/09/2026 13:03
fd41520e-da8a-48de-8598-437b37b7894f,hinault.software,available,11.98,56.98,medium,low,7,namecheap,,,23/09/2026 09:48
99e6bdea-8f2e-4bf9-a7c0-2398b0b44e14,bagger.software,available,11.98,56.98,medium,low,6,namecheap,,,21/09/2026 18:02
7ab83c6f-0ef3-4446-b6bc-698e75d79461,yogi.software,available,20.99,41.99,high,low,4,namesilo,,,23/09/2026 10:04
a10b76f6-922b-405d-b171-3c6d89068c36,palladio.software,available,20.99,41.99,high,low,8,namesilo,,,19/09/2026 04:26
1315f8c7-08a7-46ef-99bd-903171910151,williamsport.software,available,10.55,33.32,medium,low,12,spaceship,,,29/09/2026 15:53
07089f1b-b3fd-4ffa-80e3-11349a589246,commend.software,available,19.99,,high,low,7,name.com,,,
7f68b5e8-4dfa-49f6-935c-dafe29a82caf,ankus.software,available,20.99,41.99,medium,low,5,namesilo,,,19/09/2026 09:49
1eb08bec-3fdc-4192-ada2-77fbce265d35,arctium.software,available,20.99,41.99,medium,low,7,namesilo,,,20/09/2026 02:49
71c1fc12-7f2e-4e98-a818-1355dd0878e6,corrections.software,available,20.99,41.99,high,low,11,namesilo,,,17/09/2026 22:27
83fe16fb-3fc6-47ef-807d-d52194b3fc5d,tale.software,available,11.98,56.98,high,low,4,namecheap,,,03/09/2026 13:20
1516d3ea-e1eb-4951-919b-46b6d21ff48a,taxonomy.software,premium,414.2,414.2,high,low,8,spaceship,,,30/09/2026 03:01
ed21b8e3-af8f-4d72-8e31-b63ee237eaff,beheaded.software,available,11.98,56.98,medium,low,8,namecheap,,,09/08/2026 10:21
88bba7da-8ce2-4bae-8b26-a0a5371dc639,sued.software,available,19.99,,low,low,4,name.com,,,
407b1e6d-bb99-4173-9252-88d7d017a179,frances.software,available,10.55,33.32,high,low,7,spaceship,,,28/09/2026 11:53
7b6eb7ae-e9a7-4256-9050-ed62c3e20c8a,lublin.software,available,32.2,32.2,medium,low,6,cloudflare,,,28/09/2026 19:44
3f346234-03fe-440b-b301-7f26e9ae0b51,unexpected.software,available,20,,high,low,10,unstoppable,,,28/09/2026 09:44
fb49cf02-88f4-4860-b5c0-451571273a69,coleman.software,available,20.99,41.99,high,low,7,namesilo,,,25/09/2026 15:48
7a52153d-3249-470c-8549-b3b3e18e4088,christina.software,available,20.99,41.99,high,low,9,namesilo,,,25/09/2026 14:23
af7c1595-7654-4ce8-aaf8-219fefc70376,unwise.software,available,11.98,56.98,medium,low,6,namecheap,,,12/09/2026 22:42
28155089-f96e-4e0e-bdd8-230c3682bac4,tryst.software,available,20.99,41.99,high,low,5,namesilo,,,20/09/2026 16:22
d0af0636-7146-44cb-b399-cee680bf4196,acinar.software,available,11.98,56.98,medium,low,6,namecheap,,,
9aa4bf64-f6a9-4e09-8149-0a548157f208,convivial.software,available,11.98,56.98,high,low,9,namecheap,,,12/08/2026 23:53
3fa7a2f9-c191-41df-b8e8-e675917a1847,crowd.software,available,20.99,41.99,high,low,5,namesilo,,,29/09/2026 12:13
9eae68cf-d7c5-422e-a48d-713f846da133,tipping.software,available,16.22,34.35,medium,low,7,dynadot,,,29/09/2026 23:33
b114cf72-2dd4-48b2-8554-c07968d0ada2,dandily.software,available,11.98,56.98,medium,low,7,namecheap,,,14/09/2026 10:33
d29fffad-0ec5-4f32-bd64-c08839df6e35,stagnant.software,available,11.98,56.98,medium,low,8,namecheap,,,25/08/2026 06:25
0436fa56-8d64-4e15-a523-42a6bcd63e3d,eleventh.software,available,11.98,56.98,high,low,8,namecheap,,,
0a1fe4a3-0379-48cb-a29b-cd0bf638873f,reactor.software,available,20.99,41.99,high,low,7,namesilo,,,28/09/2026 10:36
928e1eda-a7e4-4497-baa9-1c1eb4b16359,curable.software,available,11.98,56.98,high,low,7,namecheap,,,13/08/2026 10:59
9d428b8f-227a-4baf-898d-c94d616f5b41,miri.software,available,20.99,41.99,high,low,4,namesilo,,,16/09/2026 16:35
efbaafeb-170d-4920-95a4-62f138bb6f4e,cacophony.software,available,11.98,56.98,medium,low,9,namecheap,,,10/08/2026 13:13
d1e7867a-7d2c-4be7-ae50-724125e02fc9,painting.software,premium,242,242,high,low,8,namesilo,,,25/09/2026 07:33
ff25f362-8f5b-4dcf-995b-53a11666267d,unlovable.software,available,11.98,56.98,medium,low,9,namecheap,,,12/09/2026 15:08
80986b42-151c-424e-a3e2-b05a741f3eea,strategic.software,premium,242,242,high,low,9,namesilo,,,28/09/2026 01:36
b52738dc-6837-44b6-824d-938c81c0169c,incarnate.software,available,11.98,56.98,high,low,9,namecheap,,,16/08/2026 09:36
8204f66a-f067-4a07-96dc-1d2b87bc5803,forested.software,available,11.98,56.98,high,low,8,namecheap,,,18/08/2026 11:43
74043af7-c4c0-45e2-936d-addeba135203,annie.software,available,11.98,56.98,high,low,5,namecheap,,,25/09/2026 18:17
701c54ba-8a4f-4404-a0b7-37883e50ab39,winey.software,available,11.98,56.98,high,low,5,namecheap,,,13/09/2026 12:27
db16b66a-b798-40ad-af24-bf098969e40a,phobic.software,available,11.98,56.98,medium,low,6,namecheap,,,08/09/2026 18:56
3de762a9-e85d-42e6-928a-803ffb4ed7e6,addable.software,available,11.98,56.98,medium,low,7,namecheap,,,
84864bc8-382d-4b0f-904b-dc09c808615b,steely.software,available,11.98,56.98,medium,low,6,namecheap,,,10/09/2026 19:47
deb50801-b46f-4f55-9e8a-e8e5e4a35bac,antipodal.software,available,11.98,56.98,medium,low,9,namecheap,,,
3d95e07e-7201-4bee-b0df-ecefcdecf031,cares.software,available,11.98,56.98,medium,low,5,namecheap,,,27/09/2026 02:10
b95f1285-931d-4692-8884-ad029d5cfae3,ergodic.software,available,11.98,56.98,medium,low,7,namecheap,,,17/08/2026 12:09
201b984a-d7e6-4ce3-b3c8-d7ca2bea9d5d,mod.software,premium,242,242,high,low,3,namesilo,,,25/08/2026 02:27
15c651b0-f022-4d97-aec9-bc932c69ccda,pastel.software,available,11.98,56.98,high,low,6,namecheap,,,08/09/2026 10:04
c642ebb2-b883-4411-aa62-e8eb6d8224bf,diversion.software,available,20.99,41.99,high,low,9,namesilo,,,24/09/2026 23:18
7c0367e9-39f9-4a22-94d7-40f3559a65c9,flatbottom.software,available,11.98,56.98,medium,low,10,namecheap,,,18/08/2026 06:51
58c01b8a-4634-4c39-8c65-7a500a4b25f8,throwback.software,available,11.98,56.98,high,low,9,namecheap,,,11/09/2026 15:00
9e0ddc58-927b-4ad3-8ba4-16f52088e140,algiers.software,available,20.99,41.99,medium,low,7,namesilo,,,18/09/2026 06:59
7aa57687-218d-4bd9-a07c-c873a7e4720a,puerile.software,available,11.98,56.98,medium,low,7,namecheap,,,09/09/2026 05:30
8f44e487-5fdd-4b93-9f08-615db82ee299,gainly.software,available,11.98,56.98,medium,low,6,namecheap,,,18/08/2026 19:33
9200929e-634e-4825-8ade-307371263125,surpassing.software,available,11.98,56.98,high,low,10,namecheap,,,17/08/2026 16:03
bc87d807-5277-4322-9f03-d0d32c6a86eb,queasy.software,available,11.98,56.98,medium,low,6,namecheap,,,24/08/2026 08:26
e4393ba3-5e4f-447f-919c-a53a2d92fdb8,pout.software,available,11.98,56.98,high,low,4,namecheap,,,18/09/2026 18:12
07e938b7-b6f6-4371-b836-38604314c849,problems.software,available,11.98,56.98,medium,low,8,namecheap,,,25/09/2026 17:11
337d2ada-c5cf-4729-9b30-b15bee54ab17,cried.software,available,16.22,34.35,medium,low,5,dynadot,,,27/09/2026 23:35
1134f127-52cc-496e-8ee1-cc3623246466,indigent.software,available,11.98,56.98,medium,low,8,namecheap,,,14/08/2026 04:34
d220d92c-7341-46f1-843b-052b86f3a72e,looking.software,available,20.99,41.99,high,low,7,namesilo,,,25/09/2026 14:19
ed342452-eb96-4926-a50b-e92e9862bc15,macrophages.software,available,15.96,33.47,low,low,11,porkbun,,,28/09/2026 13:24
dbed56b5-3c7a-4ca7-8b30-c8f6ef62387f,georges.software,available,20.99,41.99,medium,low,7,namesilo,,,25/09/2026 15:05
9dbd8397-c3bd-432a-9d3d-f54fd62ed148,sift.software,available,,,high,low,4,,,,
d6fb465d-39ba-44db-ad0b-0e6f16957c67,performer.software,available,32.2,32.2,high,low,9,cloudflare,,,28/09/2026 15:03
012e4917-ce71-4fcd-9c13-1e628b36d4dd,ignorant.software,available,11.98,56.98,high,low,8,namecheap,,,21/08/2026 18:27
d6152eda-3cb0-4683-8dbd-027b78a38da6,serial.software,available,11.98,56.98,high,low,6,namecheap,,,21/08/2026 23:54
0abaad0c-ded6-49ab-8cd7-15ffc5b1677e,bivalent.software,available,11.98,56.98,high,low,8,namecheap,,,10/08/2026 08:58
1bee810f-8cca-4edd-a8bf-3faf9a6e19fc,watkins.software,available,20.99,41.99,high,low,7,namesilo,,,25/09/2026 15:58
0651c343-6a8c-494e-b65c-98b8db49e1f2,newark.software,available,20,,high,low,6,unstoppable,,,28/09/2026 19:59
b7f69b6c-1af8-4432-a9a5-8734e316e9ea,occasion.software,available,10.55,33.32,high,low,8,spaceship,,,30/09/2026 01:05
a1807c6a-5551-410a-b6d1-6f534bfe9d4e,variegated.software,available,11.98,56.98,medium,low,10,namecheap,,,13/09/2026 01:18
3aba3f79-b0e9-4e82-a27c-f310a1cc5614,sandwiches.software,available,20,,medium,low,10,unstoppable,,,28/09/2026 13:26
ba0b3132-19c6-4f80-9e5d-94441bc1da68,goldbrick.software,available,11.98,56.98,medium,low,9,namecheap,,,20/08/2026 16:29
2303ca89-8601-4f0a-897b-b6b976a4ed3a,nevermore.software,available,11.98,56.98,medium,low,9,namecheap,,,15/09/2026 16:30
a8d7b161-cacd-49d8-a432-50d58f55d5e6,wispy.software,available,11.98,56.98,medium,low,5,namecheap,,,13/09/2026 12:43
1aaa002d-c21a-45fe-a4b4-d754fd1716ad,centenary.software,available,11.98,56.98,high,low,9,namecheap,,,11/08/2026 23:54
10e5f1ad-e377-44de-8e1f-935fde55a644,barbican.software,available,20.99,41.99,medium,low,8,namesilo,,,22/09/2026 04:18
fee0f950-1e83-4095-afb2-9b7b24ff5eda,enters.software,available,11.98,56.98,low,low,6,namecheap,,,28/09/2026 17:22
9429c42f-f05d-48a0-86c6-0b4ccac19d4e,safely.software,available,11.98,56.98,high,low,6,namecheap,,,16/09/2026 00:26
d8f97fac-c877-403a-b5de-13bd5d17d3f1,belle.software,available,11.98,56.98,high,low,5,namecheap,,,23/09/2026 06:02
49b86bec-8738-4739-9424-9ebd0fbd7f14,whap.software,available,11.98,56.98,medium,low,4,namecheap,,,22/09/2026 10:30
2612518b-e06e-484c-aaa4-7d5cd108b951,urges.software,available,20.99,41.99,medium,low,5,namesilo,,,16/09/2026 09:15
572a7625-bbbb-4215-9ae9-8483e06823e6,boleyn.software,available,20.99,41.99,medium,low,6,namesilo,,,19/09/2026 10:12
3a5bcd86-f9a2-49c2-aefe-ca24fe632b11,buddhist.software,premium,500,500,high,low,8,name.com,,,11/08/2026 07:39
490705e7-296c-47d7-81d4-ddd41a103c1d,entertained.software,available,20.99,41.99,medium,low,11,namesilo,,,29/09/2026 10:59
b1468720-db41-4730-985b-ab13e36f0f37,adrienne.software,available,20,,high,low,8,unstoppable,,,29/09/2026 09:35
6d8bfaeb-5d82-4874-ac19-9d34082ec554,bulky.software,available,20.99,41.99,medium,low,5,namesilo,,,23/09/2026 10:36
787d28ed-bd89-42c9-9586-be92fc978d28,plunk.software,available,11.98,56.98,medium,low,5,namecheap,,,15/09/2026 20:41
e92037c1-3751-4714-8c9f-48230822d848,four.software,premium,512,512,high,low,4,namesilo,,,21/09/2026 13:11
4d81a18b-5236-4a5b-9ebe-179ece44bf17,oats.software,available,10.55,33.32,medium,low,4,spaceship,,,29/09/2026 16:28
253776ec-0116-4339-9d09-dc8a41e63734,potts.software,available,20,,high,low,5,unstoppable,,,28/09/2026 04:13
cf8ade90-24c2-4e9a-bd26-f6d582bab528,admissible.software,available,11.98,56.98,high,low,10,namecheap,,,
38989810-ab06-47ba-beea-d54cd453346e,section.software,available,11.98,56.98,high,low,7,namecheap,,,08/09/2026 06:07
0676d05b-ec5d-4989-8ce2-19599c740f95,suspension.software,available,10.55,33.32,high,low,10,spaceship,,,28/09/2026 16:59
c0db1b2b-be35-40dd-93a7-2d1a1102fd45,bellamy.software,available,15.96,33.47,medium,low,7,porkbun,,,28/09/2026 12:15
2479e088-8162-40fd-9041-5070050d0526,nigerian.software,available,11.98,56.98,high,low,8,namecheap,,,03/09/2026 17:12
d6abac34-a55e-43a9-a99f-ca384af4efce,biface.software,available,11.98,56.98,medium,low,6,namecheap,,,09/08/2026 19:55
6266689b-fee0-472e-9deb-4e200916d139,total.software,resell,,,high,medium,5,Dynadot Inc,15/12/2025 20:20,15/12/2026 20:20,26/09/2026 09:41
8c6ce337-4eea-4794-a0d2-5c09c8c35071,aleksandr.software,available,32.2,32.2,medium,low,9,cloudflare,,,28/09/2026 08:00
95c02047-26c4-48d4-8683-6aa86b9cb2c5,myths.software,available,10.55,33.32,medium,low,5,spaceship,,,30/09/2026 00:32
0b46dc49-401e-4899-a7ec-16e604f4d256,length.software,available,20.99,41.99,high,low,6,namesilo,,,30/09/2026 02:48
806d62a4-ad23-47f2-b709-9c5e81da4c3e,treat.software,available,20.99,41.99,high,low,5,namesilo,,,24/09/2026 04:23
b0e67345-2737-40db-9e41-c729c101cbb8,unframed.software,available,11.98,56.98,medium,low,8,namecheap,,,12/09/2026 10:41
7e982010-f4d2-491a-a37c-b67988ca7620,divisions.software,available,20,,medium,low,9,unstoppable,,,29/09/2026 04:40
54d9b21a-fafd-4f24-a5f6-0f007d106425,pancreas.software,available,19.99,,high,low,8,name.com,,,
e80a5cbe-8f43-4b7a-b593-fd09f6e2bfc2,debonnaire.software,available,29.99,50.99,medium,low,10,name.com,,,13/08/2026 20:46
cb2a0d87-63e7-49f8-a041-57bd58ddba3a,virtuous.software,available,11.98,56.98,high,low,8,namecheap,,,13/09/2026 06:06
fb55b176-635c-4767-a470-63e537e6a0f2,amiable.software,available,11.98,56.98,high,low,7,namecheap,,,21/09/2026 21:32
bcb81ea8-29bc-4df9-9ed6-f8b93ed2fdc9,translunar.software,available,11.98,56.98,medium,low,10,namecheap,,,11/09/2026 02:19
b2c94f10-77dc-482e-a526-7ebca50f2bab,stoutness.software,available,11.98,56.98,medium,low,9,namecheap,,,04/09/2026 22:03
53f77939-9881-42f8-b1d2-c53056ab2bee,warming.software,available,11.98,56.98,high,low,7,namecheap,,,11/08/2026 14:09
64f1448c-ac4b-4cc2-ae99-a3a9767657b3,senate.software,available,10.55,33.32,medium,low,6,spaceship,,,28/09/2026 10:53
57721279-6442-406a-8238-c202384bf178,gerald.software,available,32.2,32.2,high,low,6,cloudflare,,,28/09/2026 13:18
a65f7e91-d190-4cb5-82ac-3b2a4f0280c1,lovesome.software,available,11.98,56.98,medium,low,8,namecheap,,,
0af59afc-2e27-4e62-8e67-64a765618b21,amygdala.software,available,20.99,41.99,high,low,8,namesilo,,,19/09/2026 00:23
ca8b2f6e-f757-4d83-ae7d-77ce13d60061,ernie.software,available,11.98,56.98,high,low,5,namecheap,,,27/09/2026 07:15
19afc981-f179-4368-a9a3-ccc29ac8508c,buggery.software,available,20.99,41.99,medium,low,7,namesilo,,,19/09/2026 01:35
139b00b5-df92-4366-9d2a-51799c3aa4d9,unearthly.software,available,11.98,56.98,medium,low,9,namecheap,,,16/08/2026 02:28
df28db36-3623-412a-a083-eef8e22bf347,indiscrete.software,available,11.98,56.98,medium,low,10,namecheap,,,22/08/2026 03:09
1579f0cf-383b-4340-8c43-d3aab25e0ff6,chickpeas.software,available,20.99,41.99,medium,low,9,namesilo,,,20/09/2026 11:04
b6b3a27f-dd3d-4a1f-bd26-19915d08681d,lawson.software,available,20.99,41.99,high,low,6,namesilo,,,25/09/2026 12:31
f27a2f18-c33d-4bb0-ad31-41cf7ef5b29b,protects.software,available,11.98,56.98,medium,low,8,namecheap,,,29/09/2026 00:03
b20f1073-1bc6-4d0f-8375-8bd6bf3d4d96,floss.software,available,11.98,56.98,high,low,5,namecheap,,,24/09/2026 21:54
9627f7d1-a68a-44d1-9cd4-21597ca878fa,ersatz.software,available,11.98,56.98,medium,low,6,namecheap,,,17/08/2026 13:03
689e8831-b99c-4c5b-a002-cb5b0c3427e1,certain.software,available,32.2,32.2,high,low,7,cloudflare,,,27/09/2026 19:05
ccea3f9b-1f30-483e-a227-c8dccad045f5,posse.software,available,11.98,56.98,high,low,5,namecheap,,,30/09/2026 02:35
3fbaca91-ee89-4a58-a7c0-7bacabf51d77,andrei.software,available,20.99,41.99,high,low,6,namesilo,,,28/09/2026 04:07
742bd3ce-17d4-4d34-8a96-ffbffd162ea9,tocsin.software,available,20.99,41.99,medium,low,6,namesilo,,,18/09/2026 01:57
19849d09-2cbe-4c76-9174-335e5fe81196,honey.software,resell,,,high,medium,5,"GoDaddy.com, LLC",03/04/2026 17:07,03/04/2027 17:07,26/09/2026 06:42
1c3c36d4-4839-4783-9dff-8fa683a54c12,mullen.software,available,20.99,41.99,high,low,6,namesilo,,,30/09/2026 03:34
695f7dcc-2b2e-4b2c-a71d-6e384f48ce14,febrile.software,available,11.98,56.98,medium,low,7,namecheap,,,18/08/2026 00:27
cda34a31-6962-43a2-9930-da3b1ec9e194,decoration.software,available,10.55,33.32,high,low,10,spaceship,,,28/09/2026 18:55
bd1e74df-7f0f-4ec3-861a-21f4b175bb71,acquittal.software,available,20.99,41.99,high,low,9,namesilo,,,17/09/2026 02:42
39c05a29-63d1-4e3d-84ef-8563d38f4a62,popping.software,available,32.2,32.2,high,low,7,cloudflare,,,30/09/2026 02:36
1bfa8762-c4f1-4e46-bd3f-338d6839b879,nosocomial.software,available,11.98,56.98,low,low,10,namecheap,,,03/09/2026 21:56
4bd9217b-6f2e-48e3-8c0b-73bd44828715,filed.software,available,19.99,,medium,low,5,name.com,,,
5e8a1688-d956-414f-a58f-cdb2e41766da,curator.software,available,20.99,41.99,high,low,7,namesilo,,,24/09/2026 17:27
2e0a7e53-b2d6-4b25-9a5c-91d3cb0f010b,sounds.software,premium,242,242,high,low,6,namesilo,,,25/09/2026 17:10
7503a413-c540-4a30-9bc1-e88a6125433b,airdrome.software,available,20.99,41.99,medium,low,8,namesilo,,,17/09/2026 12:57
76badf60-cb54-4705-8af9-dec09a9621b4,heterodyne.software,available,11.98,56.98,medium,low,10,namecheap,,,21/08/2026 07:29
ae0ab2f2-cca2-4534-af37-e501ee24ca7c,acidic.software,available,11.98,56.98,high,low,6,namecheap,,,
0f6b91a9-e37f-43a8-b481-8c82f274a0d6,hurts.software,available,20.99,41.99,medium,low,5,namesilo,,,27/09/2026 23:53
0786f5f5-27a9-4cfd-a67f-4529249cc51d,besotted.software,available,11.98,56.98,medium,low,8,namecheap,,,09/08/2026 15:27
2dcf91be-0803-418a-959a-d8fec1493091,studied.software,available,11.98,56.98,high,low,7,namecheap,,,10/09/2026 22:59
7dedf75d-2b81-4682-a079-b2dde9f0fdb8,grantham.software,available,20.99,41.99,medium,low,8,namesilo,,,30/09/2026 00:07
b790e3f5-ba94-4294-8e53-fa88a65bd41b,goonie.software,available,11.98,56.98,medium,low,6,namecheap,,,23/09/2026 23:45
a99a4894-9dcd-4ca8-ac85-6741ab41b69b,persian.software,available,11.98,56.98,high,low,7,namecheap,,,22/08/2026 09:41
582bb1f6-253b-4a97-a222-bfcfbee4cb10,institutions.software,available,20.99,41.99,medium,low,12,namesilo,,,29/09/2026 16:24
75513329-aafb-495e-85f0-815d8b872cd8,expulsion.software,available,20,,high,low,9,unstoppable,,,30/09/2026 01:29
665c1e91-5b8e-49cd-bcfd-9cd512af7b1c,dias.software,available,20.99,41.99,high,low,4,namesilo,,,22/09/2026 09:17
8fcf7453-6dcf-4dc0-8312-33bda3c65110,thickener.software,available,11.98,56.98,medium,low,9,namecheap,,,11/09/2026 13:14
ce2f4ebd-68d6-4a7e-84e5-2e4101a6efe7,outsized.software,available,11.98,56.98,medium,low,8,namecheap,,,04/09/2026 19:40
28909e1f-f761-4a20-9992-aac23c166f21,rollicking.software,available,11.98,56.98,medium,low,10,namecheap,,,12/08/2026 18:08
e3989651-c2c5-45a8-93a7-4b3469174521,pollution.software,available,29.99,50.99,medium,low,9,name.com,,,23/09/2026 02:05
a8777e4d-6451-4939-8d0a-4abb45ae573e,cheesecakes.software,available,11.98,56.98,medium,low,11,namecheap,,,08/09/2026 07:37
e57990ab-a219-4c45-8aaa-ec23ad78421a,tricked.software,available,20,,medium,low,7,unstoppable,,,29/09/2026 23:35
60549947-20b5-48f3-be36-6ba6768b6bd5,motions.software,available,20.99,41.99,high,low,7,namesilo,,,18/09/2026 00:16
3b3959ce-ca3b-4603-998f-ab40824d495e,controversy.software,available,20,,medium,low,11,unstoppable,,,29/09/2026 10:11
c60f6aa3-08c1-407a-93bc-d114fe34c9b8,glances.software,available,20.99,41.99,medium,low,7,namesilo,,,18/09/2026 02:11
3af9c9c6-8d5b-4bc8-9aef-949742d13eb5,sweeps.software,available,20.99,41.99,medium,low,6,namesilo,,,18/09/2026 07:58
2ae598e3-0d26-4e02-ab92-d5f39693fa93,aught.software,available,11.98,56.98,medium,low,5,namecheap,,,03/09/2026 22:36
7bdf3498-0412-46e7-af24-b750712b00a7,primly.software,available,11.98,56.98,medium,low,6,namecheap,,,15/09/2026 21:26
eb7f0f6e-9237-431e-bbfe-ecdf152e3aca,backstitch.software,available,20.99,41.99,medium,low,10,namesilo,,,21/09/2026 16:04
402f657d-9d19-4222-b2c9-92908103b3a5,share.software,premium,1100,1100,high,medium,5,dynadot,,,29/09/2026 11:30
c6205388-b267-4977-baa0-19cae71c991d,barns.software,available,20.99,41.99,medium,low,5,namesilo,,,20/09/2026 22:46
4c9e2866-8e70-4690-bbe5-2c5ec5733085,bicuspid.software,available,11.98,56.98,high,low,8,namecheap,,,09/08/2026 19:44
7596bb34-189d-422b-aa81-54879a33542e,faculty.software,available,20.99,41.99,high,low,7,namesilo,,,28/09/2026 09:44
052dbe01-3ffc-4888-acaf-1c8781d985b5,beseeching.software,available,11.98,56.98,medium,low,10,namecheap,,,09/08/2026 15:20
8bd835a2-f2a3-4a9b-bcdf-e078689aa189,antigenic.software,available,11.98,56.98,medium,low,9,namecheap,,,
b80b2d99-09c5-4304-9c49-b3f1597461c9,chickpea.software,available,11.98,56.98,high,low,8,namecheap,,,24/09/2026 14:29
1879edca-b089-4bec-86d7-38205c5b9235,unfortunate.software,available,20.99,41.99,medium,low,11,namesilo,,,26/09/2026 03:07
c2bfd9b9-915c-4d7a-87d1-283baa13d5f7,abrasive.software,available,20.99,41.99,high,low,8,namesilo,,,24/09/2026 08:17
1f6ab50a-324f-4ff0-a528-7a0821eaa444,phallic.software,available,11.98,56.98,medium,low,7,namecheap,,,08/09/2026 18:31
2d4aaecb-f263-4471-8618-3c4bb031fdaf,antlered.software,available,11.98,56.98,medium,low,8,namecheap,,,05/08/2026 20:11
d0c6a431-bd4d-413b-9359-c81b68433c6a,glum.software,available,11.98,56.98,medium,low,4,namecheap,,,20/08/2026 14:57
66f218d7-e8ca-4e4c-954c-198161f10e67,tub.software,available,20,,high,low,3,unstoppable,,,29/09/2026 01:33
e4938444-efe4-4d3c-81d3-e4b0247960ab,probable.software,available,20.99,41.99,high,low,8,namesilo,,,27/09/2026 06:59
e67868cd-9b73-4c4a-8c55-a7d23ef0fa77,dopy.software,available,11.98,56.98,low,low,4,namecheap,,,14/08/2026 16:02
7dad6590-6e06-460e-a8d7-a65511f43910,groove.software,available,10.55,33.32,high,low,6,spaceship,,,28/09/2026 05:49
ad989eb2-28d5-4425-9008-9b7b69b7fc86,hydrophobic.software,available,10.55,33.32,medium,low,11,spaceship,,,29/09/2026 08:39
1f89a045-dfa2-48e2-a937-cf755767eca4,balanchine.software,available,11.98,56.98,high,low,10,namecheap,,,21/09/2026 20:54
d742238d-dd46-48dd-a161-dcb899084027,priced.software,available,16.22,34.35,high,low,6,dynadot,,,30/09/2026 00:11
cf3361a9-d41c-4de7-bb78-7502f9610e61,plentiful.software,available,20.99,41.99,high,low,9,namesilo,,,27/09/2026 04:16
dbd36cac-935d-4a09-b58c-df8f89cb77be,zealot.software,available,11.98,56.98,medium,low,6,namecheap,,,08/09/2026 02:10
4e64ac9a-8cf8-47b5-bb11-7b9cb27ba153,erse.software,available,11.98,56.98,medium,low,4,namecheap,,,18/08/2026 19:28
3da658af-46db-4d73-954c-3f59373869ae,labile.software,available,11.98,56.98,medium,low,6,namecheap,,,22/08/2026 17:32
a5cadc3f-548c-4fe8-9a32-6b67feb79ad2,mutually.software,available,11.98,56.98,medium,low,8,namecheap,,,15/09/2026 15:56
ad8af395-47bc-4468-8ae3-1d18b624d3ab,devolve.software,available,11.98,56.98,medium,low,7,namecheap,,,13/08/2026 23:59
29de0203-f5dd-4d8b-9943-ba2346561044,sufferer.software,available,20.99,41.99,medium,low,8,namesilo,,,24/09/2026 22:36
1427d8c5-308d-46d3-99ce-62fe86ee34e8,subsequent.software,available,11.98,56.98,high,low,10,namecheap,,,11/09/2026 00:44
885ed967-15ce-4504-9bd6-83d6f8a13410,aes.software,premium,99.5,,high,low,3,unstoppable,,,29/09/2026 09:48
4ce296b0-8851-4bbc-a7ac-87d9cc6aa759,ranks.software,available,20.99,41.99,medium,low,5,namesilo,,,28/09/2026 17:38
406d3c3f-b1f1-41d2-8b4f-c554b66107f3,sunken.software,available,11.98,56.98,medium,low,6,namecheap,,,13/08/2026 22:55
0ffdce0d-f60c-4d15-a56f-3412438e460d,emphasis.software,available,10.55,33.32,high,low,8,spaceship,,,29/09/2026 12:11
ae793e24-9a72-45bd-b6e3-9e185844ebc5,stefan.software,available,20.99,41.99,high,low,6,namesilo,,,25/09/2026 14:25
168528bd-0b3c-488d-b0c0-48ea0c13ad65,terrene.software,available,11.98,56.98,medium,low,7,namecheap,,,11/09/2026 10:41
52acdf36-afd2-4733-a976-bb3ed066dc6c,bumper.software,available,20.99,41.99,high,low,6,namesilo,,,24/09/2026 11:09
efeba0cb-8816-4403-8966-d13ad8c245a2,lewdly.software,available,11.98,56.98,low,low,6,namecheap,,,15/09/2026 11:12
e2b8fa40-8f86-4f52-8dbf-7fab256f5c9e,putting.software,available,20.99,41.99,high,low,7,namesilo,,,25/09/2026 10:11
23edf3d0-1927-4423-b941-5c76c9e23abb,flowering.software,available,11.98,56.98,high,low,9,namecheap,,,18/08/2026 09:02
ae1b80b6-51dc-4ce4-9d7a-178f543e62f8,antipodes.software,available,20.99,41.99,medium,low,9,namesilo,,,19/09/2026 14:59
919371fd-ca63-421b-8341-1c9418d770d7,armillary.software,available,11.98,56.98,medium,low,9,namecheap,,,06/08/2026 19:44
474d5f6b-3285-4279-8aad-a4d907592bdd,eye.software,resell,19.99,,high,low,3,"Spaceship, Inc.",04/09/2026 16:34,04/09/2027 16:34,26/09/2026 05:58
a4c9c2ec-3ab3-49c3-b3e7-6b5c4db7c3f6,barren.software,available,11.98,56.98,medium,low,6,namecheap,,,08/08/2026 20:57
b4c0e1fe-972c-4a83-bfb2-02fb479ced30,blackburn.software,available,20.99,41.99,high,low,9,namesilo,,,24/09/2026 02:11
2e0e5e42-20ad-412d-856f-44c24f1ec007,midway.software,available,11.98,56.98,high,low,6,namecheap,,,11/08/2026 23:58
838f2d70-80d6-447e-9c56-2df0bc8bea2d,followed.software,available,20.99,41.99,medium,low,8,namesilo,,,25/09/2026 17:12
e83c3e21-6bff-4e5b-91af-a678a56845cb,encourage.software,available,19.99,,high,low,9,name.com,,,
69ba072a-3fb5-441c-a1c0-9e6d40d672aa,cable.software,premium,118.8,118.8,high,low,5,namesilo,,,24/09/2026 11:34
8360aa9a-3b0a-4bda-82bc-e31431ef6696,indentured.software,available,11.98,56.98,medium,low,10,namecheap,,,06/08/2026 08:34
0eff0e83-cd03-48be-b286-db94af1f62a3,fitch.software,available,20.99,41.99,medium,low,5,namesilo,,,29/09/2026 12:21
ee2f3306-c7dd-4e64-b2df-3efeb00f73d8,sublimate.software,available,11.98,56.98,medium,low,9,namecheap,,,11/09/2026 00:01
ea8eacf6-e809-42c3-9af1-01dbfcf9fe1c,gush.software,available,11.98,56.98,high,low,4,namecheap,,,22/08/2026 13:07
81efa796-7dc5-45d4-8edb-260fa40d9833,fibre.software,available,32.2,32.2,high,low,5,cloudflare,,,29/09/2026 19:17
6349b631-f2d6-4172-aba5-ac3c210545cf,pyramid.software,available,11.98,56.98,high,low,7,namecheap,,,08/09/2026 13:53
f77bffc7-955e-4a26-a0c4-a1ce5a299b02,abu.software,available,10.55,33.32,high,low,3,spaceship,,,29/09/2026 03:39
b658c3f2-116a-42bf-be1b-5b85c721c631,proposition.software,available,10.55,33.32,high,low,11,spaceship,,,28/09/2026 03:24
b908125b-7176-4e60-b0af-f71015494560,ministry.software,available,20,,high,low,8,unstoppable,,,28/09/2026 19:53
83121cd4-ff55-4b11-b30c-f067b281dfbf,hammered.software,available,11.98,56.98,medium,low,8,namecheap,,,20/08/2026 22:59
e75a7f67-b856-4e77-948c-75f7bdd285cb,ethiopian.software,available,11.98,56.98,high,low,9,namecheap,,,17/08/2026 13:47
3b63a31e-3add-49cf-bbee-a4e285ac0fde,lucerne.software,available,20.99,41.99,high,low,7,namesilo,,,18/09/2026 06:08
f54029aa-55e9-4aed-beba-dd13b789ebc9,punily.software,available,11.98,56.98,low,low,6,namecheap,,,15/09/2026 22:01
c2d138e1-68c4-4fd8-b01d-c97d2b367a5d,hampshire.software,available,20,,high,low,9,unstoppable,,,29/09/2026 01:13
bba824fe-5976-410c-abba-d41d8ec3a92b,teasing.software,available,20.99,41.99,high,low,7,namesilo,,,22/09/2026 05:24
0673513f-a3a5-4a49-ad26-8e94b31f379f,resolution.software,available,32.2,32.2,high,low,10,cloudflare,,,29/09/2026 19:23
9643a33a-dcee-45db-84e7-06950d395fbc,anacardium.software,available,20.99,41.99,medium,low,10,namesilo,,,19/09/2026 00:59
f1e2768d-5880-497d-8264-5e19d7566b7b,biaxial.software,available,11.98,56.98,medium,low,7,namecheap,,,09/08/2026 18:44
cfc2f326-6a87-4a9b-93d4-8273f6827fcd,postmortal.software,available,11.98,56.98,medium,low,10,namecheap,,,09/09/2026 00:33
9240c0a3-7f58-426d-8e45-8d4d160849ac,innocent.software,available,11.98,56.98,high,low,8,namecheap,,,12/08/2026 10:16
d2ae1b54-1da1-4f45-8d04-37f654d32d76,beingness.software,available,20.99,41.99,medium,low,9,namesilo,,,23/09/2026 04:19
c0ca39d4-1b9e-4645-a506-34d15cb72b9d,picked.software,available,19.99,,high,low,6,name.com,,,
2c1e13f3-8d7f-4170-89a3-b7c4015f7acc,suchlike.software,available,11.98,56.98,medium,low,8,namecheap,,,11/09/2026 01:00
4d6d3011-060b-40a5-85c9-d4754d223ad5,henley.software,available,20.99,41.99,high,low,6,namesilo,,,28/09/2026 03:36
da213448-75bd-4c03-a27d-0421e46de4c3,explosives.software,available,11.98,56.98,medium,low,10,namecheap,,,28/09/2026 04:36
4a188ad3-fcfe-4aa8-a501-f5521115fe32,autopilot.software,resell,,,high,low,9,"GoDaddy.com, LLC",01/05/2026 17:03,01/05/2027 17:03,26/09/2026 04:09
cea8637b-2fc5-4d4d-bc45-bb03b509979b,bandwagon.software,available,20.99,41.99,high,low,9,namesilo,,,22/09/2026 01:35
58e85602-3842-404d-861a-1fe0ca053c91,ghosts.software,available,20.99,41.99,medium,low,6,namesilo,,,18/09/2026 22:14
dfdca2a5-b6eb-4bb5-b2ad-51fdbaccf17d,relapsing.software,available,11.98,56.98,medium,low,9,namecheap,,,09/09/2026 16:17
a4762c66-54cd-4afd-8a08-0e360c76401d,navarro.software,available,10.55,33.32,medium,low,7,spaceship,,,28/09/2026 08:00
c292b514-c968-4147-81df-88f87320630d,decreasing.software,available,11.98,56.98,medium,low,10,namecheap,,,13/08/2026 22:12
80cc5607-3286-44c8-8ab3-4163975163e0,planned.software,available,20.99,41.99,high,low,7,namesilo,,,21/09/2026 22:06
799b17ce-9b65-4681-b793-17226239b56c,hokkaido.software,available,20.99,41.99,high,low,8,namesilo,,,28/09/2026 05:40
de6787a8-c332-4998-98b5-ee2c8cc6aa1a,ata.software,premium,,,high,low,3,,,,28/09/2026 11:37
7c5eda3a-5c1c-4a2c-802c-3604ea44d887,notify.software,available,19.99,,high,low,6,name.com,,,
f4844bc4-a7ff-40d9-8184-f041f50f04a3,royce.software,available,20.99,41.99,high,low,5,namesilo,,,28/09/2026 04:09
3a2bf55f-6313-4293-aa91-8fe55abe819c,choc.software,available,10.55,33.32,high,low,4,spaceship,,,29/09/2026 08:48
d9cf7f7a-ac93-40b8-9998-b25a251be9d0,sweatshirt.software,available,19.99,,high,low,10,name.com,,,
1c020e64-b98c-4c0f-9725-b0b4c45b49b1,pentagonal.software,available,11.98,56.98,high,low,10,namecheap,,,08/09/2026 15:00
481939b8-a330-4dd7-9c86-aadee6699277,six.software,premium,118.8,118.8,high,low,3,namesilo,,,21/09/2026 13:17
d14b0604-3198-419e-b0c4-260c3aaf0170,calculators.software,available,11.98,56.98,high,low,11,namecheap,,,18/09/2026 18:59
3d6616b8-c88e-4384-93a9-cef1a586e3cf,tog.software,available,11.98,56.98,high,low,3,namecheap,,,19/09/2026 20:00
55a20368-067d-4b53-8a0f-40f82a5ea449,villa.software,available,10.55,33.32,high,low,5,spaceship,,,29/09/2026 00:41
ba96a4ba-aaeb-49da-8fa5-4537e94d9f0b,describing.software,available,32.2,32.2,medium,low,10,cloudflare,,,29/09/2026 04:44
f4a00f32-7a15-458d-86c4-7bdd3cd148ba,humid.software,available,11.98,56.98,high,low,5,namecheap,,,21/08/2026 15:17
06507c9a-a96d-4a26-ba8b-a4702df24249,scanners.software,premium,512,512,medium,low,8,namesilo,,,19/09/2026 22:09
db9aab35-6613-4d00-94ae-fd27676e29ab,spaceward.software,available,20.99,41.99,medium,low,9,namesilo,,,16/09/2026 05:42
96972d80-bd29-414d-b515-d088d3502fb5,elsa.software,available,16.22,34.35,high,low,4,dynadot,,,28/09/2026 08:37
a79e228d-c367-4489-8aaa-f284d9c92252,cleft.software,available,11.98,56.98,high,low,5,namecheap,,,12/08/2026 10:39
bc9463cc-3dd0-41b4-9d4e-796775ed5442,bevin.software,available,11.98,56.98,medium,low,5,namecheap,,,23/09/2026 12:05
fc7f9787-185a-4ef4-81b3-1d6bfccff084,adps.software,available,20.99,41.99,medium,low,4,namesilo,,,17/09/2026 09:53
219e2c78-9928-4285-84c6-ab6fa18f0981,manually.software,available,11.98,56.98,medium,low,8,namecheap,,,15/09/2026 13:27
b8c2b6d6-562d-435f-a0a3-d4530fdd7c5f,disharmony.software,available,20.99,41.99,medium,low,10,namesilo,,,24/09/2026 22:38
e441b803-b824-4394-8da3-85b4c1eea975,substances.software,available,10.55,33.32,medium,low,10,spaceship,,,29/09/2026 22:58
1eca9436-228a-457e-934d-1b0690cfbde6,seaworthy.software,available,11.98,56.98,high,low,9,namecheap,,,10/09/2026 01:05
dfe173c5-7e74-4217-815e-3e04314051bf,coating.software,available,20,,high,low,7,unstoppable,,,30/09/2026 01:04
edf049b1-2cc2-449d-8828-7474aaf50e7d,manson.software,available,11.99,69.99,high,low,6,godaddy,,,28/09/2026 02:18
e7306ad9-a8c7-47d3-b218-06d798b91c63,coleridge.software,available,10.55,33.32,medium,low,9,spaceship,,,28/09/2026 09:24
862c5e4b-b1c1-444b-84ce-6d449ef045cb,atriplex.software,available,20.99,41.99,medium,low,8,namesilo,,,21/09/2026 00:45
c5c58b0f-25f5-4f92-a666-0ee999e1791f,unidentified.software,available,20.99,41.99,medium,low,12,namesilo,,,28/09/2026 08:18
48c0ff2c-0e2d-4b0b-90ab-2e0fb2caa814,adios.software,available,10.55,33.32,high,low,5,spaceship,,,28/09/2026 18:36
f7b544c4-b517-4795-ac96-f3177c940fce,mistaken.software,available,11.98,56.98,medium,low,8,namecheap,,,25/08/2026 01:52
eeaf17db-e726-42a6-9e23-b84e61594b94,deb.software,available,20.99,41.99,medium,low,3,namesilo,,,29/09/2026 06:35
ebfb4c1d-6842-4a20-9513-2825faada2f2,msg.software,available,19.99,,high,low,3,name.com,,,
6bcc89c1-f805-4059-8e41-92bf65bd6ade,disused.software,available,11.98,56.98,medium,low,7,namecheap,,,14/08/2026 13:28
c6944c44-533e-4100-86ef-2aa07b27e880,abele.software,available,20.99,41.99,medium,low,5,namesilo,,,16/09/2026 15:02
29ef6467-0c05-48fd-afde-d26d58b3e62a,wrong.software,available,20.99,41.99,high,low,5,namesilo,,,25/09/2026 07:41
486eb4d3-3da1-4dcd-9147-d2c25479e04d,mclaughlin.software,available,20.99,41.99,medium,low,10,namesilo,,,27/09/2026 01:56
2dc6ba67-23e3-431f-86e3-dc0021e00fba,grenadian.software,available,11.98,56.98,high,low,9,namecheap,,,20/08/2026 20:00
11da0808-bd19-4ded-a374-570edc0315b5,pictorial.software,available,11.98,56.98,high,low,9,namecheap,,,23/08/2026 01:46
9e449632-fe1f-4525-8b38-0bd0e9472b68,apeldoorn.software,available,20.99,41.99,medium,low,9,namesilo,,,19/09/2026 16:24
8126dd3a-004a-4d85-aabb-84bb4941230b,objections.software,available,20.99,41.99,low,low,10,namesilo,,,28/09/2026 13:15
fe53f42e-bee9-4932-b818-edb8a0a561e4,duty.software,available,15.96,33.47,high,low,4,porkbun,,,29/09/2026 17:13
fcb33f8c-088b-4a8f-bff9-038f0a18c370,chosen.software,available,11.98,56.98,high,low,6,namecheap,,,16/08/2026 02:32
4a5803e7-6607-4d5c-ab51-2ab251a7ccfd,sections.software,available,10.55,33.32,medium,low,8,spaceship,,,29/09/2026 05:14
dd884f55-0c53-4ce3-abfc-d6fbddfaf323,hulky.software,available,11.98,56.98,medium,low,5,namecheap,,,21/08/2026 14:48
7e0984e9-a281-4cfd-8458-020ac50eac2f,applicant.software,available,20.99,41.99,high,low,9,namesilo,,,19/09/2026 21:53
e0551074-a715-4678-bb77-796cefb23688,fiscally.software,available,11.98,56.98,medium,low,8,namecheap,,,14/09/2026 18:37
314533ed-ae04-4c67-be66-5082d863ec25,capitalism.software,available,11.98,56.98,high,low,10,namecheap,,,29/09/2026 07:23
d8b762aa-c127-4cf8-97d9-5538d94e39b0,mettlesome.software,available,11.98,56.98,medium,low,10,namecheap,,,24/08/2026 22:10
3b4e7840-e5a9-41aa-b548-d9644da117c7,kingpin.software,available,20.99,41.99,high,low,7,namesilo,,,23/09/2026 15:25
75a85cc2-9796-4a22-a6f1-239b19d383cb,irate.software,available,11.98,56.98,medium,low,5,namecheap,,,22/08/2026 09:44